ID,year-of-birth,Education,marital-status ,income,num-of-kids,number-of-teens,days-since-last-purchase,amount-spent
5524,1957,Graduation,Single,58138,0,0,58,635
2174,1954,Graduation,Single,46344,1,1,38,11
4141,1965,Graduation,Together,71613,0,0,26,426
6182,1984,Graduation,Together,26646,1,0,26,11
5324,1981,PhD,Married,58293,1,0,94,173
7446,1967,Master,Together,62513,0,1,16,520
965,1971,Graduation,Divorced,55635,0,1,34,235
6177,1985,PhD,Married,33454,1,0,32,76
4855,1974,PhD,Together,30351,1,0,19,14
5899,1950,PhD,Together,5648,1,1,68,28
1994,1983,Graduation,Married,,1,0,11,5
387,1976,Basic,Married,7500,0,0,59,6
2125,1959,Graduation,Divorced,63033,0,0,82,194
8180,1952,Master,Divorced,59354,1,1,53,233
2569,1987,Graduation,Married,17323,0,0,38,3
2114,1946,PhD,Single,82800,0,0,23,1006
9736,1980,Graduation,Married,41850,1,1,51,53
4939,1946,Graduation,Together,37760,0,0,20,84
6565,1949,Master,Married,76995,0,1,91,1012
2278,1985,2n Cycle,Single,33812,1,0,86,4
9360,1982,Graduation,Married,37040,0,0,41,86
5376,1979,Graduation,Married,2447,1,0,42,1
1993,1949,PhD,Married,58607,0,1,63,867
4047,1954,PhD,Married,65324,0,1,0,384
1409,1951,Graduation,Together,40689,0,1,69,270
7892,1969,Graduation,Single,18589,0,0,89,6
2404,1976,Graduation,Married,53359,1,1,4,173
5255,1986,Graduation,Single,,1,0,19,5
9422,1989,Graduation,Married,38360,1,0,26,36
1966,1965,PhD,Married,84618,0,0,96,684
6864,1989,Master,Divorced,10979,0,0,34,8
3033,1963,Master,Together,38620,0,0,56,112
5710,1970,Graduation,Together,40548,0,1,31,110
7373,1952,PhD,Divorced,46610,0,2,8,96
8755,1946,Master,Married,68657,0,0,4,482
10738,1951,Master,Single,49389,1,1,55,40
4339,1970,PhD,Married,67353,0,1,37,702
10755,1976,2n Cycle,Married,23718,1,0,76,6
8595,1973,Graduation,Widow,42429,0,1,99,55
2968,1943,PhD,Divorced,48948,0,0,53,437
8601,1980,Graduation,Married,80011,0,1,3,421
503,1985,Master,Married,20559,1,0,88,13
8430,1957,Graduation,Together,21994,0,1,4,9
7281,1959,PhD,Single,,0,0,80,81
2139,1975,Master,Married,7500,1,0,19,3
1371,1976,Graduation,Single,79941,0,0,72,123
9909,1996,2n Cycle,Married,7500,0,0,24,3
7286,1968,Graduation,Together,41728,1,0,92,13
7244,1951,Graduation,Single,,2,1,96,48
6566,1954,PhD,Married,72550,1,1,39,826
8614,1957,Graduation,Widow,65486,0,1,29,245
4114,1964,Master,Married,79143,0,0,2,650
1331,1977,Graduation,Single,35790,1,0,54,12
2225,1977,Graduation,Divorced,82582,0,0,54,510
9381,1978,Graduation,Married,66373,1,1,57,328
6260,1955,Master,Together,82384,0,0,55,984
10383,1966,Graduation,Divorced,70287,0,0,30,295
7437,1988,Graduation,Single,27938,1,0,31,13
8557,1982,Graduation,Single,,1,0,57,11
8375,1968,PhD,Married,55954,0,1,63,447
6853,1982,Master,Single,75777,0,0,12,712
3076,1975,Graduation,Together,66653,1,1,18,452
1012,1952,Graduation,Single,61823,0,1,26,523
6518,1951,PhD,Widow,67680,0,1,8,546
4137,1948,Graduation,Together,70666,0,0,29,398
8082,1971,Graduation,Married,25721,1,0,75,1
1386,1967,Graduation,Together,32474,1,1,0,10
9369,1979,2n Cycle,Single,88194,0,1,19,688
4477,1958,Graduation,Together,69096,0,1,4,247
1357,1970,Graduation,Together,74854,1,2,90,856
1402,1954,Master,Married,66991,0,0,1,496
10629,1973,2n Cycle,Married,,1,0,25,25
6312,1959,Graduation,Married,65031,0,1,29,258
8132,1975,PhD,Married,60631,1,1,88,565
1050,1952,Graduation,Married,28332,0,0,58,14
5846,1977,Graduation,Divorced,40246,1,0,68,2
1859,1972,Master,Married,75251,0,0,34,721
7503,1976,Graduation,Single,75825,0,0,40,1032
10401,1976,2n Cycle,Together,26326,0,0,12,1
1618,1965,Graduation,Together,56046,0,0,9,577
3332,1985,Graduation,Single,29760,1,0,87,64
2261,1969,Graduation,Married,26304,1,0,5,4
5346,1973,2n Cycle,Married,23559,1,0,87,25
4119,1963,Master,Together,38620,0,0,56,112
535,1987,Graduation,Divorced,81361,0,0,18,163
5268,1960,Graduation,Married,29440,1,1,95,17
273,1970,Master,Married,36138,1,1,48,130
4452,1957,Graduation,Single,50388,0,1,3,292
8504,1973,Graduation,Married,79593,0,0,70,350
771,1967,Graduation,Together,54178,0,1,79,135
8996,1957,PhD,Married,,2,1,4,230
9235,1957,Graduation,Single,,1,1,45,7
5798,1973,Master,Together,,0,0,87,445
11178,1972,Master,Single,42394,1,0,69,15
2230,1970,PhD,Married,23626,1,0,84,27
7516,1983,Graduation,Married,30096,1,0,30,5
7247,1960,Graduation,Widow,47916,0,1,72,505
11100,1972,Graduation,Divorced,51813,1,1,37,51
4646,1951,2n Cycle,Married,78497,0,0,44,207
3037,1983,PhD,Married,50150,0,0,32,135
1473,1960,2n Cycle,Single,47823,0,1,0,53
1016,1959,PhD,Single,34554,0,1,43,41
4518,1979,Graduation,Together,85693,0,1,59,386
9370,1945,PhD,Married,65846,0,0,68,562
8908,1959,Graduation,Married,87195,0,0,35,217
8373,1979,Basic,Together,24594,1,0,94,1
7533,1964,Graduation,Married,49096,1,1,15,144
2683,1969,Graduation,Married,52413,0,2,56,295
3629,1978,Graduation,Single,38557,1,0,17,76
10991,1960,Master,Married,89058,0,0,18,454
5077,1979,Graduation,Together,77298,0,1,46,425
7431,1991,PhD,Single,68126,0,0,40,1332
3267,1963,Master,Together,57288,0,1,27,527
999,1991,Graduation,Single,86037,0,0,95,490
9215,1980,PhD,Married,43974,1,0,19,378
2286,1962,Graduation,Single,50785,1,1,27,64
1592,1970,Graduation,Married,90765,0,0,25,547
367,1978,2n Cycle,Married,36550,1,0,74,47
5234,1967,2n Cycle,Together,30753,1,1,85,12
9862,1969,Graduation,Together,21918,1,0,37,1
9805,1953,Master,Together,56129,0,1,65,320
6205,1967,Master,Single,32557,1,0,13,34
8442,1985,Master,Married,19510,2,0,63,9
7386,1976,Graduation,Divorced,30992,1,0,83,17
7215,1983,Graduation,Single,101970,0,0,69,722
1491,1965,2n Cycle,Together,71488,0,0,87,162
11071,1984,Graduation,Single,79607,0,0,37,450
3381,1953,Master,Married,54348,1,1,51,70
8268,1961,PhD,Married,,0,1,23,352
11051,1956,PhD,Together,77376,1,1,72,492
8026,1952,Graduation,Married,62998,0,1,10,120
433,1958,Master,Alone,61331,1,1,42,534
9597,1969,Graduation,Married,73448,0,0,10,236
1295,1963,Graduation,Married,,0,1,96,231
5290,1964,PhD,Married,41551,1,1,51,220
1685,1967,PhD,Together,62981,0,0,21,796
5342,1976,Basic,Divorced,9548,1,0,31,0
9579,1959,PhD,Married,33762,2,1,61,53
7660,1973,PhD,Alone,35860,1,1,37,15
1461,1965,PhD,Divorced,36921,1,1,74,17
821,1992,Master,Single,92859,0,0,46,962
11084,1976,Master,Together,65104,0,1,4,738
8690,1962,Graduation,Married,86111,0,0,73,399
2937,1974,PhD,Single,68352,0,1,47,614
9701,1988,Graduation,Together,41883,1,0,13,32
9949,1976,Graduation,Married,59809,0,2,36,598
10837,1975,Graduation,Married,23957,1,0,47,2
3120,1981,Graduation,Together,38547,1,0,49,6
5885,1973,2n Cycle,Married,35688,2,1,94,73
4050,1966,Master,Married,49605,0,0,65,42
3830,1953,Master,Married,59354,0,2,59,295
7987,1969,Graduation,Married,65747,0,1,96,346
7798,1972,2n Cycle,Together,46344,0,1,28,233
92,1988,Graduation,Alone,34176,1,0,12,5
7055,1952,PhD,Together,61010,0,1,57,888
10240,1949,Graduation,Together,69372,0,0,10,997
3025,1958,Graduation,Single,49967,0,1,4,212
9283,1978,Graduation,Single,60199,1,2,49,8
9970,1977,Graduation,Together,55375,0,1,3,42
2730,1955,Graduation,Single,80317,0,0,64,536
2795,1958,Master,Single,30523,2,1,0,5
9260,1945,PhD,Married,70356,0,0,20,1349
8182,1984,Graduation,Married,23228,1,0,91,53
10095,1975,PhD,Divorced,74165,0,0,9,1001
8475,1973,PhD,Married,157243,0,1,98,20
4370,1966,Graduation,Together,43482,2,1,83,18
10573,1953,Graduation,Divorced,62551,0,0,27,125
3712,1959,Graduation,Divorced,52332,0,0,63,212
6637,1988,Graduation,Single,66951,0,0,46,277
3152,1957,Graduation,Together,26091,1,1,84,15
5610,1965,Graduation,Together,33456,1,1,58,7
6460,1982,Graduation,Married,28718,1,0,78,12
1349,1970,Graduation,Married,50447,2,0,4,85
1880,1959,PhD,Together,53537,1,1,17,81
641,1967,Graduation,Single,52074,0,1,77,59
8717,1975,PhD,Married,80427,0,1,56,1149
10314,1948,PhD,Married,83837,0,0,79,847
10854,1970,PhD,Married,38853,1,1,90,29
10492,1959,Graduation,Together,38285,2,1,96,2
6935,1951,2n Cycle,Married,78497,0,0,44,207
7698,1976,PhD,Married,51650,0,1,81,152
3559,1988,2n Cycle,Married,16248,1,0,77,12
10562,1946,Master,Married,66835,0,0,21,620
10796,1984,Master,Married,30477,1,0,16,47
2563,1961,Basic,Married,28249,0,0,80,1
3518,1983,Graduation,Married,25271,1,0,45,10
5823,1970,PhD,Single,32303,0,1,63,35
3934,1966,Graduation,Married,61286,0,1,34,356
6982,1976,Graduation,Married,74068,0,0,14,783
6431,1964,PhD,Married,45759,1,1,13,42
9733,1978,Basic,Together,24882,1,0,52,1
5602,1989,PhD,Together,66973,0,0,98,466
7829,1900,2n Cycle,Divorced,36640,1,0,99,15
1324,1988,Graduation,Married,38872,1,0,93,23
326,1973,Graduation,Married,51148,1,1,38,235
7224,1977,Graduation,Married,31353,1,1,24,10
6999,1980,Master,Married,69661,0,0,80,656
9938,1954,Graduation,Married,80067,0,0,82,519
6422,1954,Graduation,Married,86718,0,0,20,344
3182,1973,PhD,Single,46854,1,1,81,96
7300,1952,Graduation,Divorced,69142,0,1,50,448
10424,1968,Graduation,Single,75922,0,0,60,265
8727,1978,Graduation,Divorced,63693,0,1,63,587
2798,1977,PhD,Together,102160,0,0,54,763
1030,1965,PhD,Single,40637,1,1,72,22
624,1984,Master,Single,18890,0,0,5,6
5176,1988,Graduation,Together,29604,1,0,88,7
5552,1963,Master,Divorced,48721,1,1,50,81
868,1966,Graduation,Married,44794,0,1,99,54
380,1954,Graduation,Divorced,64497,0,1,17,1170
2677,1956,Graduation,Together,46097,0,1,11,72
6521,1954,Graduation,Together,77972,0,0,18,613
6927,1968,PhD,Married,44377,1,1,70,224
2877,1974,Master,Together,46014,1,1,21,410
0,1985,Graduation,Married,70951,0,0,66,239
1584,1977,Graduation,Married,41443,1,0,79,171
7264,1978,2n Cycle,Single,52195,2,1,2,12
6274,1948,Master,Married,83790,0,0,81,1076
1377,1954,Master,Widow,44551,0,1,24,182
454,1980,Graduation,Together,69508,1,0,48,824
1755,1988,2n Cycle,Together,45204,1,0,93,30
2075,1969,Graduation,Married,72460,0,0,56,377
4785,1970,PhD,Together,77622,0,2,3,520
9076,1980,PhD,Married,30732,1,0,44,155
7079,1962,Graduation,Divorced,63887,0,1,38,897
4653,1978,Graduation,Together,42011,1,0,46,131
7375,1976,Graduation,Together,51369,0,1,84,297
709,1952,Graduation,Divorced,51537,0,1,27,787
460,1972,PhD,Married,79930,0,0,72,792
3726,1986,PhD,Together,34320,1,0,66,4
6798,1966,Graduation,Single,37070,1,1,30,231
5341,1962,2n Cycle,Divorced,81975,0,1,2,983
1606,1971,Graduation,Together,38590,1,0,65,3
9617,1951,Graduation,Single,15033,0,0,37,0
3233,1965,PhD,Married,62745,0,1,89,562
89,1975,2n Cycle,Married,22212,1,0,49,5
2936,1982,Master,Together,23661,1,0,46,18
9449,1958,PhD,Single,79761,0,1,32,415
7297,1973,Graduation,Single,7500,1,0,54,5
11004,1893,2n Cycle,Single,60182,0,1,23,8
313,1968,Graduation,Widow,73455,0,0,98,901
9940,1958,Graduation,Together,64961,0,1,97,382
10735,1971,Graduation,Single,22804,1,0,75,14
9529,1990,Graduation,Married,73687,0,0,8,559
6439,1958,Graduation,Married,61074,0,1,37,789
7411,1964,PhD,Married,31686,1,1,31,11
2176,1972,Graduation,Married,80134,1,0,40,1218
9265,1953,Graduation,Married,75027,0,1,74,925
8867,1988,PhD,Married,67546,0,0,90,864
8932,1969,Master,Together,65176,0,1,57,960
10236,1975,Master,Single,31160,1,0,59,16
6340,1985,Graduation,Single,29938,1,0,52,3
10089,1974,Graduation,Divorced,102692,0,0,5,168
2227,1958,2n Cycle,Together,26490,0,0,92,45
10992,1967,Graduation,Together,75702,1,1,77,650
5304,1974,PhD,Single,30899,1,0,35,24
309,1961,PhD,Together,63342,0,1,48,918
3406,1964,Graduation,Single,45989,0,1,97,138
2661,1964,Graduation,Single,18701,1,1,95,12
3153,1957,PhD,Single,40737,2,1,24,11
10264,1979,Graduation,Divorced,15287,1,0,60,1
1184,1968,PhD,Divorced,69674,0,2,46,554
4200,1970,Master,Married,44159,1,0,85,167
9396,1978,PhD,Married,37717,1,0,31,9
2387,1952,Master,Together,43776,1,1,9,177
6690,1966,Master,Married,38179,1,1,30,38
1225,1963,Graduation,Married,80124,0,0,47,483
9703,1970,PhD,Married,38097,1,1,70,77
291,1970,Graduation,Married,72940,0,0,13,182
4557,1970,Graduation,Together,22070,1,0,11,10
2379,1953,Graduation,Single,69267,0,0,31,778
5726,1983,Master,Single,31788,1,0,15,16
3066,1975,PhD,Together,61905,0,1,2,167
6336,1960,Graduation,Married,29315,1,1,55,13
10967,1963,Graduation,Divorced,33378,1,1,38,33
2304,1963,PhD,Together,66313,0,1,86,625
3445,1956,Graduation,Single,60714,0,0,56,216
7828,1981,Master,Together,77882,0,0,29,68
3762,1986,PhD,Single,69867,0,0,30,196
4391,1968,Master,Divorced,63841,0,1,64,635
4669,1981,Basic,Married,24480,1,0,46,4
10144,1976,Graduation,Together,51369,0,1,84,297
8652,1946,Graduation,Together,37760,0,0,20,84
1672,1974,PhD,Together,65640,0,1,74,204
8962,1975,Master,Married,44319,1,1,18,26
9974,1974,Graduation,Married,30631,1,0,75,15
10983,1952,Graduation,Together,75278,0,0,17,304
8148,1956,Master,Together,50898,1,1,88,285
10102,1966,Graduation,Widow,79946,0,0,19,395
4697,1949,Master,Divorced,35416,0,0,62,248
9262,1984,2n Cycle,Together,32414,0,0,11,20
7254,1969,Graduation,Together,38361,1,0,74,39
4543,1980,Graduation,Married,82497,0,0,32,777
4927,1971,Graduation,Together,16626,2,0,76,8
10451,1965,Graduation,Together,29672,1,1,6,9
2926,1952,Master,Together,55951,0,1,62,1241
2874,1988,2n Cycle,Divorced,35388,1,0,20,6
9738,1986,Master,Together,42386,1,0,43,65
7119,1982,Graduation,Single,68627,0,0,45,395
3924,1965,PhD,Divorced,57912,0,1,34,801
5827,1958,Graduation,Divorced,35246,1,1,53,36
5596,1956,2n Cycle,Together,58821,0,1,44,513
10812,1978,PhD,Married,46377,1,0,89,37
1717,1988,Graduation,Single,39747,1,0,43,80
9491,1984,Graduation,Together,23976,1,0,68,14
9274,1961,Master,Married,80950,0,0,44,525
6609,1966,Graduation,Widow,27038,0,0,64,1
6963,1947,Graduation,Single,77457,0,0,85,675
4440,1964,Master,Married,64100,0,1,93,509
1379,1992,Master,Together,42670,0,0,12,154
10032,1976,Graduation,Divorced,12571,1,0,86,3
2826,1967,Graduation,Married,22574,2,1,28,25
2437,1989,Graduation,Married,,0,0,69,861
6320,1976,Master,Single,70893,0,0,42,768
3050,1966,Graduation,Married,54198,1,1,13,185
231,1956,Master,Together,28839,1,1,86,24
2392,1972,Graduation,Married,40321,1,1,59,44
9478,1985,Graduation,Single,66503,1,0,30,91
113,1951,Graduation,Married,30833,1,1,33,11
2863,1970,Graduation,Single,,1,2,67,738
1802,1971,Graduation,Married,64795,0,1,23,412
520,1974,Graduation,Married,34421,1,0,81,3
8275,1965,PhD,Divorced,47025,1,1,6,16
9750,1961,PhD,Divorced,64325,0,1,41,731
2607,1953,Graduation,Single,40464,0,1,78,424
7214,1957,Graduation,Married,62187,0,0,49,792
5835,1976,PhD,Divorced,14849,1,0,39,21
3896,1984,Graduation,Married,27255,1,0,3,22
10350,1950,PhD,Married,54432,2,1,37,33
7786,1986,PhD,Single,29999,1,0,22,68
2861,1983,Graduation,Single,24072,1,0,79,9
663,1989,PhD,Single,33996,0,0,46,40
10675,1956,PhD,Married,66334,0,1,82,909
2521,1971,Master,Married,35178,1,0,10,23
9592,1983,Graduation,Together,22010,1,0,51,11
10151,1960,Graduation,Divorced,62204,0,2,38,317
7381,1968,Graduation,Divorced,75693,0,0,10,797
4099,1972,Graduation,Married,30675,1,0,14,10
9560,1965,Graduation,Together,83003,0,0,18,856
1150,1899,PhD,Together,83532,0,0,36,755
10172,1988,Graduation,Single,68655,0,0,95,456
11191,1986,Graduation,Divorced,41411,0,0,11,37
9707,1969,PhD,Married,55212,0,1,65,1103
6245,1950,PhD,Together,59292,0,1,71,378
8234,1973,Basic,Together,27190,1,0,13,1
1411,1952,Graduation,Divorced,82623,0,0,58,204
8553,1965,Graduation,Married,44300,1,1,65,30
1826,1970,Graduation,Divorced,84835,0,0,0,189
8842,1971,Graduation,Widow,30372,1,1,33,15
11030,1976,Master,Married,33181,1,0,90,9
2579,1957,Graduation,Married,71113,0,1,95,495
175,1986,Graduation,Married,71952,1,0,93,656
9185,1966,PhD,Single,69759,0,0,38,452
11056,1974,Graduation,Married,72099,0,0,18,546
9365,1976,PhD,Single,60000,0,1,57,1048
6201,1978,Graduation,Single,38643,1,1,45,22
2061,1955,Graduation,Married,50737,0,1,61,78
6184,1969,PhD,Married,68462,0,0,6,561
6142,1943,Master,Married,65073,0,0,65,629
4107,1948,PhD,Together,46681,0,2,52,269
7274,1957,Graduation,Married,78618,0,0,87,736
9336,1969,PhD,Widow,62187,0,1,38,512
2958,1978,Graduation,Married,28442,2,0,53,19
933,1978,PhD,Married,37717,1,0,31,9
5837,1967,Graduation,Married,51479,1,1,67,247
10704,1969,Graduation,Single,54803,0,1,65,404
5125,1960,Graduation,Married,79530,0,0,64,333
4432,1976,Graduation,Divorced,31615,1,0,82,2
5955,1962,Graduation,Together,72025,0,0,27,833
2928,1975,PhD,Single,52614,0,1,63,789
5680,1984,2n Cycle,Married,35684,1,0,66,10
10313,1975,Graduation,Married,48178,1,1,69,159
2557,1970,Master,Single,29548,1,0,52,7
1245,1966,Graduation,Single,63810,0,1,45,977
1519,1972,PhD,Single,38578,1,1,2,38
10703,1975,Master,Single,46098,1,1,86,57
1726,1970,Graduation,Single,22585,0,0,23,3
4459,1989,Graduation,Single,30279,1,0,13,10
1729,1961,PhD,Together,66426,0,1,14,1043
1517,1969,Graduation,Single,30822,1,0,92,3
2098,1969,PhD,Married,33581,2,0,38,11
9543,1985,Graduation,Married,19986,1,0,74,3
6878,1954,Graduation,Widow,27421,0,0,14,43
3310,1973,2n Cycle,Married,35688,2,1,94,73
2724,1981,Master,Single,36143,1,0,33,12
948,1971,Graduation,Single,10245,1,0,32,4
6720,1968,Master,Together,43795,0,1,11,314
6202,1960,Graduation,Together,63381,0,1,78,571
2066,1949,Graduation,Together,38823,0,1,56,70
9799,1968,PhD,Divorced,83664,1,1,57,866
8318,1979,Graduation,Together,90300,0,0,7,594
5642,1979,Master,Together,62499,1,0,0,140
2669,1993,Graduation,Single,74293,0,0,66,375
455,1946,PhD,Married,51012,0,0,86,102
7683,1968,Master,Married,70777,0,1,80,554
3428,1991,PhD,Together,68682,0,0,56,919
7414,1971,Graduation,Married,43824,1,1,18,96
6354,1984,Graduation,Together,15345,1,0,51,5
798,1987,Graduation,Single,23442,1,0,71,2
8213,1980,2n Cycle,Together,14515,1,0,71,6
2488,1956,2n Cycle,Divorced,31395,1,1,80,23
9999,1965,Graduation,Together,75276,0,0,2,610
7617,1974,Graduation,Single,42373,1,1,83,67
615,1960,Graduation,Together,30507,0,0,29,65
2552,1955,PhD,Single,55521,1,2,11,416
194,1965,Graduation,Married,48006,1,1,55,23
3645,1972,PhD,Single,27213,1,0,19,19
8890,1971,PhD,Divorced,65808,1,1,1,155
5049,1974,PhD,Together,30351,1,0,19,14
9973,1963,Graduation,Married,50437,0,2,28,370
7301,1982,2n Cycle,Single,23616,1,0,76,4
10882,1976,Graduation,Married,53858,0,1,50,407
7030,1955,PhD,Married,66465,0,1,1,1200
7422,1987,Graduation,Single,46923,1,0,90,85
3523,1962,Graduation,Together,75072,0,1,83,583
7106,1943,PhD,Married,75865,0,0,73,483
6504,1975,2n Cycle,Together,19789,1,0,24,2
5067,1994,Graduation,Together,80134,0,0,11,966
4216,1981,Graduation,Single,91065,0,0,33,822
8581,1971,Master,Married,49505,1,1,4,604
5929,1973,PhD,Married,37401,1,0,14,19
3129,1983,Graduation,Married,30096,1,0,30,5
6528,1982,Master,Together,18492,1,0,75,2
1361,1974,Master,Married,82584,0,0,26,1076
6932,1941,PhD,Married,93027,0,0,77,1285
7284,1953,Graduation,Married,48686,1,2,8,10
1340,1986,Graduation,Married,92910,0,0,42,551
8746,1989,Graduation,Married,75433,1,0,28,800
5987,1989,2n Cycle,Together,10404,1,0,52,2
3767,1968,Graduation,Married,61314,0,1,1,378
3725,1961,PhD,Single,84865,0,0,1,1248
4324,1989,Graduation,Married,42387,1,0,42,235
238,1967,2n Cycle,Together,67309,1,1,76,515
6694,1964,Graduation,Married,75236,0,1,27,438
498,1970,Graduation,Single,30015,1,0,28,25
9347,1956,Master,Together,50943,0,1,49,31
9699,1966,Graduation,Divorced,67272,0,1,12,357
10664,1949,Master,Widow,51529,0,1,14,400
5455,1971,PhD,Married,32011,1,0,89,99
456,1986,2n Cycle,Married,7500,1,0,96,1
5012,1989,Graduation,Married,28691,1,0,56,5
7495,1948,PhD,Married,56223,0,1,72,77
5029,1946,Graduation,Married,18100,0,0,14,3
10642,1989,Graduation,Single,30279,1,0,13,10
2106,1974,2n Cycle,Married,20130,0,0,99,0
10364,1959,Graduation,Divorced,23295,0,0,72,0
5954,1972,Master,Divorced,42618,1,0,92,76
1137,1964,Graduation,Single,81246,0,0,87,398
2541,1976,Graduation,Married,24027,1,0,7,14
1142,1953,PhD,Married,55707,0,1,91,208
2276,1955,Graduation,Single,57959,0,1,71,430
2807,1969,Graduation,Married,56796,0,1,24,656
6471,1971,Master,Single,36230,1,0,17,14
6131,1980,2n Cycle,Married,70829,1,1,87,141
6233,1976,Graduation,Married,65991,0,1,21,507
4148,1972,Graduation,Married,38988,1,2,90,164
4947,1966,2n Cycle,Single,89572,0,0,44,606
3225,1984,Master,Married,42207,1,0,71,116
7540,1952,Graduation,Married,50300,0,1,52,143
10648,1982,2n Cycle,Together,66664,0,0,78,398
1992,1964,Graduation,Married,60597,0,1,2,522
7851,1949,Graduation,Widow,70165,0,0,60,161
8594,1958,PhD,Widow,50520,0,1,25,112
7059,1963,Graduation,Married,80124,0,0,47,483
2815,1975,Graduation,Married,33183,1,0,46,7
2416,1969,PhD,Single,66582,0,0,83,789
7999,1955,PhD,Together,75261,0,0,17,1239
9213,1970,Graduation,Widow,31880,1,0,13,4
9697,1951,Graduation,Married,53790,0,2,86,335
3916,1971,PhD,Together,49269,1,0,92,639
2021,1975,Graduation,Married,61456,0,1,47,563
1581,1980,Graduation,Married,37406,1,0,18,2
564,1981,PhD,Together,56937,1,0,81,746
6619,1978,Graduation,Married,38415,1,1,91,22
9081,1988,Graduation,Single,20518,1,0,58,4
178,1956,Graduation,Married,62503,0,1,40,478
916,1972,PhD,Single,41644,1,1,67,20
5512,1977,Master,Married,55842,0,1,19,451
8970,1972,PhD,Married,62010,0,1,93,371
10581,1977,Graduation,Married,41124,1,0,41,281
5300,1973,Master,Married,38961,1,0,60,19
5154,1972,Master,Divorced,37760,1,0,54,26
8346,1974,Graduation,Single,32233,1,0,26,138
1676,1975,Graduation,Married,43057,0,1,30,213
9286,1960,Master,Together,83151,0,0,93,407
2426,1964,PhD,Divorced,78825,0,0,35,483
5172,1976,Master,Together,65104,0,1,4,738
5562,1974,Graduation,Married,60093,0,1,92,502
3436,1969,Graduation,Married,14045,1,0,24,11
3921,1952,2n Cycle,Widow,28457,0,0,96,24
3403,1958,PhD,Together,78952,0,1,11,1170
22,1976,Graduation,Divorced,46310,1,0,99,185
10965,1955,Graduation,Together,76005,0,0,72,983
9426,1964,Master,Single,58308,0,1,77,691
6605,1944,PhD,Divorced,55614,0,0,85,504
3136,1962,Master,Divorced,59432,0,1,88,317
8737,1978,Graduation,Divorced,55563,0,1,22,29
11088,1971,PhD,Together,78642,0,1,83,1396
716,1949,PhD,Together,67911,0,1,63,529
466,1944,Graduation,Married,65275,0,0,9,388
9135,1950,Graduation,Together,27203,1,1,92,13
10623,1961,Master,Together,48330,0,1,2,28
8151,1990,Basic,Married,24279,0,0,6,16
5140,1985,PhD,Married,64355,1,0,66,1047
10160,1956,Master,Together,50943,0,1,49,31
4945,1953,Graduation,Widow,53653,0,0,29,815
10584,1976,Graduation,Married,65665,0,1,77,225
6071,1989,Graduation,Single,81217,0,0,77,493
3386,1992,Graduation,Married,34935,0,0,71,34
8939,1959,Graduation,Divorced,61250,0,1,49,382
9925,1981,PhD,Together,39665,1,0,97,127
4320,1979,Graduation,Single,60152,0,1,6,325
5389,1964,Graduation,Married,48920,0,2,93,238
6036,1959,Master,Together,89120,0,0,78,1168
182,1946,PhD,Together,44124,0,1,62,284
203,1975,Master,Single,81169,0,0,47,1288
11025,1961,Graduation,Married,36443,1,1,9,65
10203,1990,Graduation,Single,26095,1,0,77,11
4607,1959,Graduation,Together,71367,0,0,24,227
3711,1944,Master,Married,80184,0,0,19,1035
3696,1965,Graduation,Divorced,30630,1,1,67,27
2532,1987,Master,Single,73454,0,0,95,982
9214,1991,Graduation,Married,42691,0,0,48,179
4943,1953,Graduation,Married,70503,0,0,73,1379
35,1987,Graduation,Married,25545,1,0,35,32
2258,1986,Graduation,Married,32880,1,0,76,8
4322,1958,PhD,Together,77863,0,0,20,881
713,1977,Master,Married,50353,0,0,72,141
4702,1964,Graduation,Single,61839,0,0,20,1000
3281,1960,PhD,Married,49154,1,1,69,206
702,1975,2n Cycle,Widow,47682,0,1,80,162
2004,1969,Graduation,Single,72679,0,1,65,619
4769,1977,Master,Together,57954,1,1,52,456
4437,1962,Graduation,Married,65316,1,1,65,112
8724,1982,Graduation,Single,28567,1,0,57,11
10741,1951,Master,Together,47352,0,1,70,172
1991,1967,Graduation,Together,44931,0,1,0,78
6931,1967,Graduation,Divorced,76982,0,0,19,464
11096,1952,2n Cycle,Together,57247,0,1,50,99
304,1981,Master,Single,22944,1,0,67,19
3665,1977,2n Cycle,Together,25315,1,0,46,1
10591,1969,Graduation,Widow,43638,0,1,37,63
5036,1984,PhD,Single,42710,1,0,38,252
5547,1982,PhD,Married,84169,0,0,9,1478
7822,1976,Graduation,Together,54058,0,1,56,198
8541,1990,2n Cycle,Married,24683,1,0,98,8
10955,1964,Graduation,Widow,85620,0,0,68,416
4368,1980,Graduation,Married,47850,1,0,72,42
9671,1968,Graduation,Married,19514,1,1,47,14
2256,1973,Master,Married,27159,1,1,33,17
4279,1963,2n Cycle,Single,39548,1,1,87,15
5371,1989,Graduation,Single,21474,1,0,0,6
9240,1971,PhD,Single,60504,0,1,73,458
9460,1963,Graduation,Married,22419,0,0,74,30
9504,1949,Master,Married,81698,0,0,4,179
8692,1952,Graduation,Together,43462,1,1,50,90
448,1978,PhD,Single,54880,1,0,57,308
8314,1982,Graduation,Married,79908,0,0,30,557
8420,1970,2n Cycle,Married,15315,0,0,27,7
3174,1959,Graduation,Together,87771,0,1,61,1492
7685,1978,Graduation,Married,33039,1,0,4,30
3179,1980,Graduation,Single,81741,0,0,75,249
9780,1971,Master,Together,71499,0,1,12,465
10681,1970,2n Cycle,Married,62466,0,1,13,129
10232,1963,PhD,Divorced,48799,0,1,9,174
4184,1950,PhD,Together,52157,0,1,48,189
9120,1962,Graduation,Single,66565,0,1,80,747
891,1951,Master,Together,29298,1,1,60,6
10381,1979,Graduation,Single,47691,0,1,43,14
3525,1970,Graduation,Together,38200,1,1,19,12
6818,1974,Graduation,Married,44989,0,1,26,98
3526,1968,PhD,Married,38443,1,1,58,32
8181,1978,2n Cycle,Single,38593,1,0,42,51
1029,1970,PhD,Together,64413,0,1,27,200
7369,1981,Master,Married,36959,1,0,56,25
2574,1977,PhD,Married,61996,0,1,27,1050
8159,1968,Graduation,Married,51287,1,1,10,117
1160,1970,Graduation,Married,13260,1,1,48,9
10242,1966,PhD,Together,47472,1,1,39,56
5253,1956,Master,Together,54603,1,1,85,145
5966,1974,PhD,Married,45207,1,1,64,203
5314,1951,Graduation,Together,40689,0,1,69,270
5081,1967,2n Cycle,Together,47821,1,1,54,9
5123,1951,Master,Married,27450,0,0,57,37
5756,1983,Graduation,Together,39453,1,0,64,46
8036,1971,2n Cycle,Together,26850,1,1,10,31
9058,1955,Graduation,Widow,79800,0,0,65,1060
5057,1961,Master,Married,61794,0,1,74,264
254,1955,Graduation,Together,53863,0,1,4,399
4179,1959,Graduation,Together,24221,0,0,94,8
3710,1984,PhD,Single,39684,1,0,41,19
7627,1975,Master,Married,92163,0,0,25,817
4501,1965,Master,Single,69882,0,0,94,292
6424,1977,Graduation,Together,33178,1,0,9,12
3075,1972,PhD,Married,59973,0,0,47,130
4992,1975,Master,Together,17459,1,0,12,6
5252,1969,Graduation,Divorced,23910,1,0,80,16
7444,1969,Master,Married,42169,1,1,20,19
6919,1978,2n Cycle,Married,26224,1,0,39,4
3537,1981,Graduation,Together,31089,1,0,57,31
10277,1961,Graduation,Single,30081,0,1,27,36
2453,1960,Graduation,Together,62807,0,1,83,526
7972,1955,Graduation,Single,72906,0,0,79,400
895,1948,PhD,Married,61467,0,2,69,410
1177,1966,Master,Together,49618,1,1,77,80
7141,1986,Master,Single,21888,1,0,15,88
7232,1973,Graduation,Widow,42429,0,1,99,55
8477,1956,Graduation,Divorced,26150,2,1,61,5
2457,1975,Basic,Married,30801,0,1,23,8
988,1965,Graduation,Married,81168,0,0,84,410
7930,1969,Master,Single,26877,0,0,74,101
4587,1944,Master,Widow,45006,0,0,90,162
6682,1973,Basic,Married,18978,1,0,41,2
6222,1967,Graduation,Married,22574,2,1,28,25
10299,1969,PhD,Single,48240,0,0,73,389
3083,1974,Graduation,Married,45837,1,1,88,215
8953,1965,Master,Single,35791,2,1,94,27
1503,1976,PhD,Together,162397,1,1,31,85
8650,1978,Graduation,Widow,54162,1,1,31,5
10862,1960,Master,Married,30522,0,1,6,179
2782,1961,PhD,Married,54456,0,1,23,352
6941,1971,Graduation,Single,31632,0,0,92,17
10972,1949,Graduation,Widow,72298,0,0,52,625
10708,1978,2n Cycle,Single,36975,1,0,50,10
6583,1955,2n Cycle,Married,72635,0,0,54,390
3641,1976,Graduation,Married,13624,1,0,93,10
10156,1975,Graduation,Single,84196,0,1,56,215
4299,1960,Graduation,Together,70971,0,1,28,1001
3469,1977,PhD,Divorced,34487,1,1,94,19
5063,1977,Graduation,Single,28769,1,0,76,41
10727,1970,PhD,Married,69084,1,0,43,1181
9624,1958,PhD,Together,65488,0,0,46,603
5156,1970,2n Cycle,Married,62466,0,1,13,129
4376,1960,2n Cycle,Single,32218,0,0,27,10
8923,1973,Graduation,Single,83917,0,0,12,514
8461,1962,Graduation,Divorced,46102,2,1,3,14
6945,1952,Graduation,Single,84574,0,0,72,387
944,1962,Graduation,Married,56181,0,1,6,121
1907,1950,Master,Divorced,63120,0,1,53,965
701,1971,Graduation,Married,73691,0,1,58,707
3856,1960,Graduation,Together,63381,0,1,78,571
4149,1948,PhD,Together,76140,0,0,57,586
2131,1959,PhD,Divorced,62859,0,1,37,1063
2942,1964,Graduation,Single,45906,0,1,20,305
1173,1947,Master,Together,77632,0,0,73,1200
4381,1971,PhD,Married,46463,1,1,56,163
4611,1970,Graduation,Together,105471,0,0,36,1009
3376,1970,Master,Divorced,55282,1,0,9,125
4679,1977,Master,Married,78710,0,1,42,721
10928,1958,Graduation,Together,66886,0,1,28,315
4248,1960,Master,Single,98777,0,0,23,1000
6728,1985,Graduation,Together,29103,1,0,38,16
6661,1974,Graduation,Married,67445,0,1,63,757
4725,1950,PhD,Together,50616,0,1,71,30
3277,1955,Graduation,Divorced,49431,0,1,9,219
5555,1975,Graduation,Divorced,153924,0,0,81,1
2564,1953,Graduation,Together,61278,0,1,87,111
946,1958,2n Cycle,Together,26490,0,0,92,45
3867,1947,PhD,Together,73059,0,1,36,410
6940,1966,PhD,Single,46734,1,2,86,100
55,1963,Graduation,Together,56253,0,1,83,509
7093,1985,Graduation,Married,19986,1,0,74,3
5084,1975,Graduation,Widow,58330,0,1,87,445
1777,1980,Basic,Married,25965,0,0,29,2
8162,1956,Master,Together,14661,0,0,88,4
10826,1959,Graduation,Married,18690,0,0,77,6
8754,1974,PhD,Together,45068,0,1,25,14
1987,1987,Basic,Single,21063,1,0,34,1
11007,1968,PhD,Married,29187,1,0,43,26
7426,1971,2n Cycle,Married,54690,1,1,76,111
9153,1964,PhD,Married,59304,0,1,81,418
10379,1962,Master,Single,59247,0,2,87,327
9204,1970,Graduation,Widow,66731,0,1,33,371
3197,1980,Graduation,Married,77353,0,1,38,275
2920,1975,PhD,Single,52614,0,1,63,789
6961,1974,Graduation,Married,26751,2,0,26,1
4673,1963,PhD,Married,81300,0,1,17,1004
9937,1979,Graduation,Single,70337,0,0,75,187
8779,1985,2n Cycle,Married,36145,1,0,13,56
9596,1980,PhD,Single,65295,0,0,19,365
2891,1963,Graduation,Divorced,68118,0,1,51,595
4910,1967,Graduation,Divorced,68743,0,0,81,1132
75,1982,2n Cycle,Together,41039,0,0,32,34
10120,1955,Graduation,Together,38946,0,1,84,116
6327,1967,Graduation,Together,65777,0,0,87,565
10142,1976,PhD,Divorced,66476,0,1,99,372
9826,1972,PhD,Single,86857,0,0,96,899
1501,1982,PhD,Married,160803,0,0,21,55
10767,1989,PhD,Together,77845,0,0,40,760
7279,1969,PhD,Together,69476,0,0,3,260
7230,1960,PhD,Divorced,50611,0,1,98,459
143,1970,Graduation,Single,61209,0,0,73,466
450,1958,Master,Together,42315,0,1,90,67
9316,1952,Basic,Together,13084,0,0,29,2
6379,1949,Master,Widow,47570,1,1,3,67
9239,1961,Master,Married,61923,0,2,94,92
8315,1995,Graduation,Single,34824,0,0,65,4
2868,1949,PhD,Single,26518,1,1,33,20
10888,1961,Graduation,Single,45938,0,0,46,273
1277,1960,Graduation,Together,78468,0,0,29,434
9977,1973,Graduation,Divorced,78901,0,1,99,321
10196,1978,Graduation,Married,71427,2,0,26,212
6384,1978,Graduation,Divorced,71022,0,1,30,909
8029,1988,Master,Single,90247,0,0,27,1184
968,1968,Master,Divorced,41335,1,0,24,112
6988,1986,Graduation,Married,71952,1,0,93,656
4472,1970,PhD,Divorced,35682,1,0,34,23
6991,1951,Graduation,Divorced,43185,0,1,88,537
3336,1948,PhD,Together,66375,0,1,96,712
4301,1971,Master,Married,35178,1,0,10,23
1940,1986,Graduation,Married,25252,1,0,26,1
1272,1965,Master,Single,55250,0,1,49,664
1388,1975,Graduation,Single,33249,1,0,11,6
1044,1953,Graduation,Together,58398,0,0,44,299
6969,1982,Graduation,Together,50272,1,0,75,99
10479,1975,PhD,Married,76618,0,0,64,749
3619,1960,2n Cycle,Divorced,87305,0,0,19,345
1715,1978,Graduation,Together,25851,1,0,45,9
10159,1970,Graduation,Divorced,58710,0,1,77,440
1463,1958,Graduation,Single,45160,1,1,9,8
5114,1965,Master,Married,74806,0,1,1,670
4990,1954,Graduation,Married,59111,0,0,90,524
4329,1984,PhD,Married,18988,1,0,43,6
10936,1965,Graduation,Married,72190,0,0,79,597
4692,1976,Graduation,Married,7500,1,0,19,7
7212,1966,Graduation,Married,44794,0,1,99,54
6086,1955,Graduation,Married,80395,0,0,62,445
437,1976,Master,Divorced,75012,0,0,41,294
11171,1965,Master,Married,56962,2,1,60,292
11101,1991,Graduation,Together,89891,0,0,17,412
5329,1949,PhD,Divorced,35946,1,1,24,8
610,1953,PhD,Together,53593,1,1,60,349
9384,1978,Graduation,Married,66373,1,1,57,328
5956,1948,PhD,Divorced,45072,1,2,74,144
10430,1973,Graduation,Divorced,89694,1,1,22,1126
7875,1949,Graduation,Married,72025,0,0,46,967
7072,1973,Graduation,Married,67432,0,1,69,432
6255,1952,Master,Together,70545,0,1,29,138
6516,1989,Basic,Married,17487,1,0,37,0
5564,1969,Graduation,Together,62882,0,1,26,509
5682,1953,PhD,Single,64108,0,1,8,948
7458,1956,Master,Together,34941,1,1,26,39
5237,1950,PhD,Single,48767,1,2,79,28
7761,1978,2n Cycle,Together,38702,1,0,71,13
5278,1964,Graduation,Married,82224,0,0,83,307
3560,1952,Graduation,Together,83844,0,0,57,901
7235,1975,2n Cycle,Married,17003,1,0,37,2
10548,1995,Graduation,Single,71163,0,0,30,283
2281,1970,Graduation,Single,33697,1,0,34,4
4073,1954,2n Cycle,Married,63564,0,0,0,769
6974,1972,PhD,Together,83443,0,0,89,518
7938,1958,PhD,Together,51518,0,1,92,350
7094,1975,Graduation,Widow,58330,0,1,87,445
3667,1969,Graduation,Married,80952,0,0,20,778
7723,1979,Graduation,Together,75507,0,0,56,709
3870,1978,2n Cycle,Together,63855,0,0,28,359
4012,1972,PhD,Together,62220,0,1,55,799
5909,1964,Graduation,Married,58512,0,1,25,895
10470,1979,Master,Married,40662,1,0,0,40
6488,1959,PhD,Married,38829,0,1,86,76
10270,1981,2n Cycle,Married,35523,1,0,8,11
6887,1967,Graduation,Single,79146,1,1,33,245
6406,1988,Master,Married,78285,0,0,13,647
7573,1978,PhD,Single,31626,1,0,12,39
4508,1952,Graduation,Single,75127,0,0,92,203
221,1955,Graduation,Married,48726,0,1,90,138
5331,1977,Graduation,Married,74985,0,0,8,587
1911,1987,Graduation,Together,67430,0,0,6,595
20,1965,2n Cycle,Married,46891,0,1,91,43
8786,1956,Master,Married,62058,0,1,52,301
10582,1979,Graduation,Married,72063,0,1,3,180
1915,1951,PhD,Married,78939,0,0,57,794
8897,1965,Graduation,Single,42720,1,1,9,392
2371,1972,Graduation,Married,33622,1,1,22,39
4303,1957,PhD,Together,6835,0,1,76,107
6825,1953,Graduation,Together,41452,1,1,86,13
1072,1965,PhD,Single,40760,0,1,64,70
4964,1958,PhD,Together,74250,0,0,90,680
2461,1955,Master,Single,51124,1,1,79,26
10736,1971,Graduation,Single,72258,0,1,28,522
3194,1974,PhD,Single,71466,0,0,86,412
10839,1976,Graduation,Together,36283,1,1,42,6
49,1970,Graduation,Single,20587,1,0,39,2
4290,1972,Graduation,Married,30467,1,0,8,1
10219,1972,Graduation,Together,31590,1,0,40,6
4211,1986,Basic,Married,20425,1,0,5,4
1135,1960,Master,Together,17144,1,1,96,18
6299,1968,PhD,Divorced,42564,0,1,28,324
10846,1978,Master,Married,43783,1,0,22,327
347,1976,Graduation,Divorced,40780,0,1,30,229
6543,1945,Master,Together,62847,0,0,45,521
10446,1957,PhD,Married,82017,0,0,58,184
3479,1950,Graduation,Single,16813,0,0,49,4
11075,1978,Graduation,Married,51267,1,1,37,183
4442,1961,Graduation,Single,46524,0,1,70,31
199,1962,Master,Single,45183,0,0,33,219
6722,1954,PhD,Married,70421,0,1,98,479
796,1965,2n Cycle,Divorced,60161,0,1,17,584
3749,1973,Graduation,Together,73926,0,0,54,627
8523,1968,Graduation,Married,19329,1,0,39,24
310,1970,Master,Married,61872,0,1,81,330
8629,1956,Graduation,Widow,46984,1,1,71,19
236,1951,Graduation,Married,34838,1,1,62,28
9930,1944,PhD,Single,82716,0,0,8,606
3483,1958,Graduation,Married,48192,0,0,76,1039
4599,1976,Master,Married,49681,0,2,66,411
7326,1971,Master,Married,56850,0,1,83,34
7352,1957,Graduation,Married,55267,0,1,28,161
2350,1972,Graduation,Married,59666,1,1,87,623
9145,1972,Graduation,Single,72504,0,1,43,604
2964,1981,Graduation,Married,26872,0,0,0,3
5585,1972,Graduation,Single,21359,1,0,1,12
9687,1975,Graduation,Single,73170,0,0,1,184
3732,1955,Master,Married,52750,0,1,72,393
6303,1986,PhD,Together,91820,0,0,72,410
11176,1970,PhD,Together,65968,0,1,12,376
2986,1976,Graduation,Married,30772,1,1,89,7
7462,1954,Graduation,Single,22507,0,0,67,68
3900,1972,Graduation,Married,65685,0,1,54,642
7034,1978,2n Cycle,Married,25804,1,0,34,8
9493,1980,PhD,Single,76412,0,0,15,840
1143,1972,Graduation,Married,22063,1,0,43,7
1,1961,Graduation,Single,57091,0,0,0,464
3855,1963,Graduation,Married,22419,0,0,74,30
5536,1959,Graduation,Together,87771,0,1,61,1492
5989,1959,2n Cycle,Divorced,78353,0,1,51,752
9499,1954,Graduation,Married,93404,1,2,97,1279
6768,1962,Graduation,Divorced,37859,1,2,75,22
2150,1958,PhD,Widow,80995,0,1,83,860
6646,1984,Graduation,Together,16529,1,0,23,3
4887,1976,PhD,Divorced,55412,1,1,65,10
8560,1992,Graduation,Single,48789,0,0,94,351
3321,1967,PhD,Together,56575,0,2,42,421
11003,1980,2n Cycle,Together,25130,1,0,10,2
10402,1967,Graduation,Married,35441,1,1,94,25
9904,1956,Graduation,Married,71391,0,1,50,336
6141,1972,Master,Single,49494,1,0,46,191
5687,1980,Graduation,Divorced,81702,0,0,98,563
10856,1980,2n Cycle,Single,45889,0,1,42,31
5121,1977,Graduation,Single,56628,0,1,30,479
4186,1950,Graduation,Together,34026,1,1,11,18
368,1974,Graduation,Married,40049,0,1,61,91
3312,1988,Graduation,Single,34176,1,0,12,5
11121,1981,Graduation,Married,19419,1,0,76,2
5332,1960,2n Cycle,Married,82504,0,0,2,362
5848,1970,Graduation,Together,81205,0,0,43,724
10343,1991,2n Cycle,Single,61618,0,0,27,605
5935,1956,Master,Single,55284,0,1,60,547
2895,1963,Graduation,Single,49980,0,1,79,104
10262,1980,Graduation,Married,15072,2,0,96,8
7848,1974,Graduation,Single,49166,0,1,17,224
9477,1954,PhD,Married,65324,0,1,0,384
4856,1957,2n Cycle,Married,82347,0,0,38,556
7186,1966,PhD,Together,30843,1,1,43,24
5794,1974,PhD,Married,46374,0,1,1,408
1456,1979,Graduation,Single,60474,0,1,25,265
4877,1973,Master,Married,38576,0,1,2,34
425,1985,Graduation,Married,55357,2,0,66,374
3007,1966,Graduation,Together,37758,1,1,49,27
1031,1989,2n Cycle,Married,85710,0,0,5,600
4297,1969,Graduation,Together,23228,1,0,71,13
807,1969,Master,Together,44602,1,1,35,167
9553,1987,Graduation,Married,7500,0,0,94,0
4271,1989,2n Cycle,Together,38683,1,0,80,46
4120,1975,2n Cycle,Single,49514,1,0,61,88
2036,1973,PhD,Together,57906,0,1,29,243
115,1966,Master,Single,43456,0,1,0,275
4259,1986,Master,Single,19485,2,0,80,6
8687,1978,Graduation,Together,53172,0,1,54,121
2447,1979,Graduation,Together,30545,1,0,71,4
10140,1983,PhD,Together,70123,0,0,27,1308
9353,1959,Graduation,Single,62450,0,1,61,515
3623,1976,Graduation,Together,21675,1,0,55,4
738,1981,2n Cycle,Single,42395,1,1,35,48
7631,1978,Master,Together,61346,1,0,34,562
4789,1953,Graduation,Together,80812,0,0,95,769
773,1971,Master,Divorced,42835,1,1,64,379
10602,1983,Graduation,Married,39922,1,0,30,29
1446,1956,Master,Single,86424,0,0,12,387
3270,1978,2n Cycle,Together,17117,1,0,96,12
8443,1972,Graduation,Single,24762,1,0,16,6
9653,1975,Graduation,Married,35797,0,1,16,27
8916,1975,Graduation,Divorced,36627,2,0,78,9
8017,1981,2n Cycle,Married,51111,1,1,83,22
5830,1972,PhD,Single,86857,0,0,96,899
4597,1970,PhD,Together,82072,0,0,67,889
7023,1953,PhD,Single,46231,2,1,87,189
8086,1959,Graduation,Married,42243,1,1,34,48
8825,1962,Graduation,Together,51195,1,1,46,230
2930,1978,Master,Single,68092,0,0,7,852
1928,1973,Graduation,Married,31814,1,0,73,35
7108,1965,Master,Widow,51390,1,1,54,205
10925,1983,Graduation,Married,76630,0,0,93,255
9960,1991,Basic,Single,26868,1,0,52,0
8800,1943,PhD,Divorced,48948,0,0,53,437
9224,1972,PhD,Single,55260,0,1,81,825
5519,1956,Graduation,Together,64090,0,1,8,316
5046,1958,Graduation,Divorced,78331,0,1,97,756
7037,1974,PhD,Married,37087,1,0,50,194
905,1986,Graduation,Divorced,21846,1,0,38,7
8624,1958,Graduation,Married,81320,0,0,61,183
8945,1970,Graduation,Divorced,54137,0,1,46,171
6445,1967,Graduation,Together,66825,0,0,73,243
2727,1973,Graduation,Together,57100,0,0,19,181
6404,1969,Graduation,Together,58917,1,2,10,151
11074,1977,Graduation,Single,85072,0,0,94,494
10150,1961,Graduation,Single,86429,0,0,10,464
1968,1971,Graduation,Widow,45684,1,0,37,5
6534,1974,Graduation,Together,47889,1,0,94,29
9485,1986,PhD,Married,45921,0,0,23,102
7053,1966,PhD,Single,78420,0,0,75,604
4654,1992,Graduation,Together,75114,0,0,40,571
9760,1963,PhD,Widow,52278,0,1,24,953
1048,1972,Master,Married,35641,1,0,11,63
10619,1994,Graduation,Single,95529,0,0,29,770
9308,1954,Graduation,Married,62820,0,0,51,398
10505,1960,Master,Together,73113,0,0,86,741
8362,1982,PhD,Married,84169,0,0,9,1478
2625,1954,2n Cycle,Single,42607,0,1,30,156
4637,1954,PhD,Single,74637,0,0,73,960
9972,1955,PhD,Together,46015,1,1,25,38
4483,1993,Graduation,Single,72354,0,0,67,315
4487,1969,Master,Single,39858,1,0,67,15
4988,1948,PhD,Married,34469,1,1,58,19
8931,1986,Graduation,Together,83033,1,0,82,812
5871,1979,Master,Together,24401,0,0,98,73
2008,1978,Graduation,Married,77583,0,0,93,372
3139,1982,2n Cycle,Single,74116,0,0,53,871
10037,1993,Graduation,Single,74293,0,0,66,375
10673,1976,PhD,Married,68397,0,1,6,760
5303,1974,PhD,Together,79632,0,0,42,471
538,1989,Graduation,Single,46107,1,0,78,31
7922,1951,PhD,Single,64950,0,1,29,819
5692,1989,Basic,Married,25443,1,0,82,1
4843,1952,Graduation,Single,75127,0,0,92,203
6383,1971,PhD,Together,32892,1,0,78,26
1628,1971,Graduation,Together,71796,0,0,54,354
1204,1970,PhD,Married,67536,0,1,45,1253
3673,1971,Graduation,Single,55239,0,1,59,371
760,1975,PhD,Divorced,60554,1,0,8,588
8957,1952,2n Cycle,Single,64831,1,1,51,480
4128,1962,PhD,Together,56067,0,1,51,517
6810,1983,Graduation,Divorced,82025,0,0,76,267
5386,1953,Graduation,Together,94384,0,0,62,1111
8700,1986,Basic,Single,14906,0,0,86,7
3202,1987,PhD,Married,51563,0,0,60,1166
1328,1982,2n Cycle,Married,57937,0,1,56,261
8405,1979,Graduation,Divorced,68274,1,1,83,135
6515,1977,Graduation,Together,39771,1,0,92,6
2882,1975,2n Cycle,Divorced,67893,0,1,31,711
7574,1979,PhD,Together,27922,1,0,80,11
6387,1976,PhD,Together,52190,1,1,39,42
5320,1973,Master,Divorced,44051,1,1,20,79
5048,1971,PhD,Single,42767,2,0,53,20
8146,1976,Master,Together,46106,1,1,84,30
10031,1976,PhD,Married,16927,1,1,50,20
5748,1965,Graduation,Married,59754,0,1,96,115
2134,1952,Graduation,Single,53700,0,1,94,263
1523,1973,Graduation,Married,59041,1,1,25,69
9665,1957,PhD,Divorced,54237,0,1,48,267
4640,1967,Graduation,Divorced,70647,0,1,65,561
3635,1962,PhD,Single,52597,0,1,69,492
3547,1969,Master,Together,41021,1,0,12,14
2456,1975,PhD,Married,40233,0,1,84,80
5633,1980,Graduation,Married,50183,1,1,47,97
7801,1959,Graduation,Together,54753,0,1,87,197
10489,1973,Graduation,Married,92955,0,0,35,693
7011,1973,Graduation,Married,33471,1,0,47,43
2620,1974,PhD,Married,34596,1,0,48,14
3933,1980,Graduation,Together,44010,1,0,46,186
10981,1988,Graduation,Married,84219,0,0,27,434
1734,1968,PhD,Together,40706,2,1,37,59
10995,1988,2n Cycle,Married,15716,1,0,8,16
6357,1959,2n Cycle,Divorced,59052,0,1,29,230
9209,1971,Master,Together,80573,0,0,85,829
10286,1962,Graduation,Married,83715,0,0,2,318
2611,1959,Master,Together,82576,0,0,66,1206
1600,1965,Master,Married,56962,2,1,60,292
3308,1952,Graduation,Married,35704,1,1,54,30
5407,1954,Graduation,Together,53103,0,1,70,729
2166,1960,2n Cycle,Widow,46779,1,1,55,12
3955,1965,Graduation,Divorced,4861,0,0,20,2
6634,1979,Master,Divorced,33462,1,0,78,22
3056,1978,Graduation,Divorced,63693,0,1,63,587
5718,1950,Graduation,Married,80763,0,0,17,674
6872,1974,PhD,Married,65352,0,1,43,284
8164,1978,PhD,Married,82170,0,0,13,1023
4580,1969,Graduation,Married,75759,0,0,46,1394
9305,1976,2n Cycle,Single,79689,0,0,65,311
453,1956,PhD,Widow,35340,1,1,1,27
8545,1954,Graduation,Divorced,85683,0,0,6,1296
9850,1972,2n Cycle,Married,24884,1,0,32,3
7378,1981,Master,Together,42021,1,0,34,393
7646,1989,Graduation,Single,64449,1,0,70,218
1640,1954,Graduation,Divorced,64587,1,1,49,66
5184,1995,Graduation,Single,34824,0,0,65,4
8492,1978,Graduation,Together,75437,0,0,25,795
11188,1957,Graduation,Together,26091,1,1,84,15
1212,1973,Graduation,Married,52845,1,0,7,384
9097,1956,Graduation,Divorced,46086,0,1,34,244
10473,1956,PhD,Widow,78028,0,1,38,158
7962,1987,PhD,Single,95169,0,0,1,1285
9984,1981,2n Cycle,Married,56337,1,1,25,349
5527,1987,Graduation,Together,22434,1,0,25,4
6374,1954,PhD,Married,36930,0,1,50,223
7453,1954,Graduation,Single,36130,0,1,46,157
8952,1953,Master,Married,65569,0,1,96,397
241,1952,Graduation,Together,83844,0,0,57,901
8975,1968,Graduation,Married,19514,1,1,47,14
6119,1963,PhD,Single,36736,1,1,52,10
5236,1979,Graduation,Together,77568,0,1,30,1230
5723,1976,PhD,Together,49187,0,1,63,81
1710,1978,Graduation,Single,30168,1,0,51,154
1970,1968,Master,Together,34053,0,1,14,63
5313,1971,Master,Married,38196,1,1,20,30
10634,1951,Master,Married,59412,0,0,56,90
7010,1965,2n Cycle,Married,70924,0,0,41,635
8562,1969,Graduation,Together,54165,0,0,72,127
3158,1973,Graduation,Married,32300,1,0,1,13
4436,1976,Graduation,Single,20180,0,0,27,18
5287,1973,Graduation,Married,34961,1,0,77,45
2445,1974,PhD,Together,28440,1,0,87,38
6059,1953,PhD,Together,64504,1,2,81,986
4550,1966,Master,Together,33564,0,1,51,61
4240,1978,Graduation,Married,17345,1,0,79,4
8911,1967,PhD,Married,56320,0,1,11,201
3706,1978,Graduation,Single,28647,1,0,54,19
3628,1987,Basic,Single,15038,1,0,93,4
10175,1958,PhD,Divorced,32173,0,1,0,18
8985,1964,2n Cycle,Together,68316,0,1,54,806
5204,1971,Graduation,Together,74538,0,0,21,380
9220,1971,Graduation,Single,91700,0,0,58,576
9888,1969,Graduation,Together,68695,0,0,3,458
5263,1977,2n Cycle,Married,31056,1,0,99,5
1020,1973,Graduation,Married,79593,0,0,70,350
9503,1980,Graduation,Single,28071,0,0,65,39
10613,1958,PhD,Together,37334,1,1,44,26
67,1972,Master,Single,46423,1,1,6,68
6019,1971,PhD,Married,37126,1,0,9,45
5863,1953,Graduation,Married,47703,0,1,95,359
3717,1959,Graduation,Married,61180,0,1,70,403
6730,1954,Graduation,Married,38998,1,1,92,34
10749,1991,Graduation,Single,8028,0,0,62,73
4998,1962,Graduation,Together,76081,0,0,85,292
6287,1986,Graduation,Together,34728,1,0,2,14
5985,1965,Master,Single,33168,0,1,0,80
4754,1966,Master,Married,33585,0,1,91,30
4002,1960,PhD,Married,77037,0,1,3,463
8870,1984,Graduation,Together,35196,1,0,68,75
966,1966,Graduation,Married,44529,0,1,98,538
4767,1965,2n Cycle,Married,70924,0,0,41,635
9725,1966,PhD,Together,28764,1,1,16,8
4475,1949,PhD,Married,69098,0,0,82,1315
5740,1970,2n Cycle,Divorced,25959,1,1,1,4
5731,1983,Master,Married,27100,1,0,64,12
7290,1985,Graduation,Single,70596,0,0,68,347
3846,1974,Graduation,Married,42557,0,1,98,192
8104,1951,PhD,Married,53312,0,0,32,241
4507,1952,Graduation,Single,72228,0,0,87,631
11013,1987,Graduation,Together,67605,0,0,84,336
4491,1949,Master,Married,62845,1,1,3,1099
3759,1958,Graduation,Together,65196,0,2,34,743
1162,1987,PhD,Single,42000,0,0,23,124
2055,1973,PhD,Divorced,35860,1,1,37,15
10766,1964,PhD,Married,65526,0,1,22,397
4415,1961,Graduation,Married,16860,1,1,19,10
3005,1992,Graduation,Single,83528,0,0,7,530
2223,1965,2n Cycle,Divorced,64176,0,1,52,1215
4817,1956,Graduation,Divorced,22304,0,0,91,3
2875,1978,Graduation,Married,67023,0,0,93,444
10536,1971,PhD,Together,32892,1,0,78,26
11112,1966,Graduation,Together,70713,0,1,23,736
3807,1955,Graduation,Together,59925,0,1,83,473
9197,1953,Graduation,Married,39722,0,1,92,32
10832,1958,Graduation,Together,46610,0,0,4,288
6421,1961,Graduation,Together,88347,0,0,32,1050
4207,1981,PhD,Married,87171,0,0,27,1001
577,1976,2n Cycle,Together,26907,1,1,10,9
10855,1968,Master,Single,50014,1,0,9,234
3081,1978,PhD,Married,41014,1,0,65,7
3535,1965,Graduation,Single,66294,0,0,68,251
247,1971,Graduation,Married,36715,1,0,16,172
8707,1956,Graduation,Married,79456,0,0,12,565
9523,1982,Graduation,Together,40479,1,0,95,5
6072,1970,Master,Single,75345,0,0,16,918
6295,1977,Graduation,Married,54233,0,1,46,652
10914,1970,Graduation,Single,24163,1,1,3,4
1509,1958,PhD,Together,84460,0,0,80,152
5577,1983,Graduation,Together,43776,1,0,77,8
7348,1958,PhD,Single,71691,0,0,0,336
1127,1973,PhD,Married,85844,0,0,62,938
1833,1974,PhD,Single,39190,1,0,91,68
4944,1959,Graduation,Together,71367,0,0,24,227
9080,1972,PhD,Single,38578,1,1,2,38
6466,1965,PhD,Married,57236,1,1,22,105
9964,1979,Graduation,Single,61825,0,1,56,162
4790,1958,Graduation,Divorced,79803,0,1,54,574
10245,1986,2n Cycle,Single,80910,0,0,71,160
1109,1982,Master,Together,27590,1,0,38,6
6001,1979,Graduation,Married,56775,0,1,62,614
5538,1975,Graduation,Divorced,83829,0,0,78,897
10552,1979,2n Cycle,Married,54210,0,1,18,70
1545,1986,Graduation,Married,38508,1,0,95,120
7409,1970,Graduation,Together,53187,1,0,66,211
4444,1972,Graduation,Married,30023,1,0,28,11
146,1960,PhD,Single,76045,0,0,78,760
6271,1952,PhD,Married,50870,0,1,13,53
10065,1970,2n Cycle,Married,15315,0,0,27,7
4741,1974,2n Cycle,Married,65463,1,0,17,391
246,1965,Graduation,Married,66480,1,1,71,199
375,1954,Graduation,Divorced,76773,0,0,79,516
1524,1983,2n Cycle,Single,81698,0,0,1,709
10022,1973,PhD,Single,54466,1,1,78,12
7451,1960,Master,Single,98777,0,0,23,1000
11010,1984,PhD,Single,16269,1,0,75,19
4356,1971,Graduation,Together,71819,0,1,70,1224
3885,1983,PhD,Married,33569,1,0,10,16
1175,1983,Master,Married,36262,0,0,24,88
880,1966,Basic,Together,22634,0,0,47,2
2320,1978,2n Cycle,Married,47025,0,1,98,508
850,1968,Graduation,Single,70566,0,1,4,381
4713,1979,PhD,Married,31605,1,0,15,74
675,1973,Master,Divorced,52034,1,1,67,146
5025,1979,Graduation,Single,48526,1,0,32,23
2308,1954,Graduation,Married,46734,0,1,40,110
5995,1962,Graduation,Divorced,39552,1,1,54,165
6749,1966,Graduation,Single,86358,1,1,78,957
1010,1977,Graduation,Together,46931,2,1,94,41
8977,1985,Basic,Single,16581,0,0,51,1
4756,1952,2n Cycle,Divorced,63998,0,0,42,176
3412,1951,Master,Married,67381,0,1,67,815
606,1967,Graduation,Single,25930,1,1,87,6
5961,1978,Graduation,Married,42693,1,0,29,8
2975,1976,Graduation,Together,85606,0,1,89,717
2894,1985,Graduation,Single,72903,0,0,74,1067
7613,1974,2n Cycle,Together,49669,1,0,97,166
10542,1968,PhD,Married,36778,1,1,63,29
8015,1962,PhD,Divorced,85696,0,0,88,714
10617,1989,Master,Divorced,10979,0,0,34,8
11166,1961,Graduation,Married,49678,0,1,81,229
849,1953,Master,Together,56129,0,1,65,320
523,1989,Graduation,Married,37155,1,0,51,23
4066,1978,2n Cycle,Divorced,21282,1,0,76,1
8414,1962,PhD,Single,33419,0,1,76,56
819,1945,Graduation,Widow,63285,0,0,84,508
4961,1974,Master,Together,21255,1,0,56,29
749,1981,Graduation,Together,42162,1,0,31,46
5430,1956,Graduation,Together,54450,1,1,0,454
7755,1954,PhD,Married,57744,0,1,91,350
10525,1986,Graduation,Single,26576,1,0,40,10
1453,1943,PhD,Widow,57513,0,0,59,735
8310,1964,Graduation,Together,68142,0,1,96,897
10710,1979,Graduation,Married,7500,0,1,61,5
5031,1974,Graduation,Together,83145,0,0,14,777
2613,1960,Master,Married,54197,0,1,16,162
213,1963,PhD,Single,23091,1,1,98,35
967,1976,Graduation,Married,46049,1,1,11,342
1077,1974,Graduation,Together,56715,0,0,52,258
7959,1961,Graduation,Married,79410,0,0,19,658
640,1951,Graduation,Married,57304,0,1,61,356
4252,1965,Graduation,Married,44375,0,1,73,213
8432,1956,Graduation,Together,54450,1,1,0,454
6218,1965,Graduation,Married,59594,0,1,74,457
6905,1994,Graduation,Together,80685,0,0,55,241
5922,1974,PhD,Married,40344,0,1,48,210
3598,1972,Graduation,Married,62710,0,1,53,441
6116,1968,2n Cycle,Married,48985,0,1,13,19
6263,1968,Graduation,Together,35322,1,2,34,28
10486,1948,Graduation,Married,77142,0,0,54,476
2410,1969,Graduation,Single,81657,0,0,69,364
193,1996,Basic,Married,14421,0,0,81,0
3363,1974,2n Cycle,Married,20130,0,0,99,0
8278,1990,PhD,Married,74214,0,0,3,863
10660,1957,Master,Married,66726,1,1,61,349
8686,1979,Basic,Together,23724,1,0,65,5
1604,1960,Master,Married,47353,0,1,93,184
5907,1952,Master,Married,33444,1,1,24,8
10669,1981,Graduation,Married,54386,0,1,8,277
2918,1981,Graduation,Divorced,28510,1,1,72,44
5735,1991,Master,Single,90638,0,0,29,1156
359,1950,Graduation,Together,48070,0,1,33,373
8387,1957,Graduation,Married,43140,0,1,68,134
1829,1961,PhD,Divorced,54959,0,1,55,1148
3839,1958,Basic,Single,15056,1,1,76,6
9392,1971,Graduation,Single,26954,1,0,17,4
2292,1985,Graduation,Single,22327,1,0,94,5
10466,1965,Graduation,Married,44393,1,1,86,24
9855,1952,PhD,Single,62000,0,1,25,899
4088,1962,PhD,Together,31497,0,1,22,108
5231,1974,2n Cycle,Married,45894,0,2,15,27
590,1970,Master,Divorced,78579,0,0,35,816
8732,1969,Master,Widow,67369,0,1,81,1298
2315,1960,Graduation,Divorced,58401,0,1,55,10
3515,1952,Graduation,Single,62307,0,1,94,87
2245,1969,Master,Married,43641,1,1,50,57
6283,1968,Master,Divorced,63841,0,1,64,635
2246,1965,2n Cycle,Married,46891,0,1,91,43
6606,1969,Master,Married,70091,1,0,11,964
5545,1972,PhD,Married,78075,0,0,72,572
7342,1961,2n Cycle,Widow,59184,0,1,6,341
837,1977,Graduation,Married,54809,1,1,0,63
9500,1959,Graduation,Married,58113,0,1,66,221
3602,1958,Master,Married,51412,0,1,42,140
234,1979,Graduation,Divorced,15287,1,0,60,1
2995,1957,Master,Together,66636,0,0,64,291
1118,1956,Master,Married,50965,0,1,87,544
7789,1965,PhD,Married,84618,0,0,96,684
3068,1990,Graduation,Married,18351,0,0,1,1
8955,1957,PhD,Together,40451,0,2,54,35
945,1965,Graduation,Together,36317,0,1,53,87
5644,1957,Graduation,Together,42213,0,1,96,309
7192,1955,Graduation,Together,65748,0,1,58,172
2324,1972,Graduation,Together,77044,0,1,12,625
697,1969,Graduation,Together,74918,0,0,78,972
3439,1972,Graduation,Married,56721,1,1,64,157
1506,1975,Graduation,Single,42160,1,1,26,48
232,1965,Graduation,Single,61559,0,1,8,279
8876,1963,PhD,Together,33629,1,1,49,132
4500,1991,PhD,Together,68682,0,0,56,919
9739,1963,Graduation,Single,34377,0,1,55,62
10395,1986,Basic,Single,8940,1,0,25,1
1176,1973,Graduation,Married,26228,1,0,50,2
1627,1957,2n Cycle,Divorced,77297,0,0,84,408
938,1981,Graduation,Married,40211,1,1,30,51
2740,1958,PhD,Widow,33438,1,1,81,62
257,1959,PhD,Married,75032,0,1,74,952
4058,1955,PhD,Single,61284,0,0,76,618
7736,1986,Graduation,Married,22518,1,0,36,11
8210,1975,Master,Married,54730,0,1,64,318
833,1955,Master,Married,38452,1,1,62,56
6230,1971,Graduation,Divorced,44421,1,1,53,110
7325,1986,PhD,Together,38197,1,0,86,23
1307,1978,Graduation,Divorced,41986,0,1,15,27
1502,1983,Graduation,Together,28427,1,0,67,18
6211,1976,PhD,Together,37395,1,0,47,18
843,1971,Graduation,Married,64722,1,0,47,303
4174,1956,Master,Together,55249,0,1,81,97
9757,1972,Graduation,Together,84906,0,0,98,997
6918,1989,Graduation,Married,28691,1,0,56,5
286,1952,Graduation,Single,44213,1,1,48,95
11086,1984,Basic,Single,25707,1,0,18,1
1921,1967,PhD,Married,59062,2,1,74,46
4138,1962,Graduation,Single,76624,0,1,68,411
7718,1947,Master,Together,66000,0,0,36,244
1291,1978,PhD,Together,27683,1,0,90,152
6862,1971,Graduation,Divorced,1730,0,0,65,1
4136,1992,Basic,Single,7500,1,0,63,10
803,1968,Graduation,Together,40521,1,1,82,12
4298,1973,PhD,Together,20427,1,0,63,5
10833,1975,Graduation,Married,65106,0,1,55,790
9606,1965,PhD,Married,69969,0,0,64,882
8534,1952,Graduation,Married,67433,0,2,51,615
5153,1967,PhD,Married,77766,0,1,97,1004
961,1972,Graduation,Married,74716,0,1,92,133
5011,1963,Graduation,Divorced,68118,0,1,51,595
6653,1970,PhD,Married,55158,1,1,72,293
9094,1955,2n Cycle,Married,62972,0,1,39,313
810,1975,Graduation,Married,74190,0,1,49,151
5493,1976,Graduation,Married,39356,1,1,21,15
2147,1969,Graduation,Together,76653,0,0,91,736
5107,1973,PhD,Divorced,35860,1,1,37,15
3979,1983,PhD,Divorced,90687,0,0,98,982
6049,1982,Master,Together,73450,0,0,85,1142
8147,1960,Graduation,Married,31454,1,1,40,28
1857,1952,Graduation,Single,47139,1,1,2,46
3910,1975,Graduation,Divorced,83829,0,0,78,897
5207,1963,PhD,Married,53378,1,1,41,489
11114,1970,Graduation,Together,19656,1,0,94,25
5429,1948,PhD,Married,45579,0,1,10,145
9400,1958,2n Cycle,Single,85485,0,0,73,630
1740,1944,Graduation,Married,55956,0,0,22,760
7488,1963,Master,Single,64191,0,1,30,420
195,1972,Graduation,Single,38808,1,0,21,125
635,1966,Master,Married,57183,1,1,51,464
7527,1968,Master,Divorced,23748,1,0,97,6
10319,1971,Graduation,Married,66303,0,1,56,1090
2296,1975,Master,Married,37368,1,0,4,3
10637,1964,Graduation,Married,40800,1,2,77,24
2931,1978,Graduation,Divorced,71847,0,0,95,737
907,1975,Graduation,Married,46149,0,1,36,254
3698,1983,Graduation,Together,78687,0,0,13,817
9516,1971,2n Cycle,Divorced,49118,0,0,90,620
679,1957,PhD,Married,37633,1,1,49,13
7384,1951,Master,Together,39767,0,0,18,113
5043,1951,Basic,Married,26997,0,0,89,7
5267,1970,Graduation,Divorced,33986,1,0,43,16
339,1972,PhD,Married,57091,0,1,82,462
2516,1969,2n Cycle,Married,46831,1,1,84,22
9010,1972,Master,Married,83151,0,0,80,968
378,1971,Graduation,Married,52531,0,0,68,283
4808,1956,Graduation,Married,15759,0,0,12,1
5068,1971,Graduation,Single,22804,1,0,75,14
7628,1973,2n Cycle,Married,43050,1,0,10,30
7128,1977,PhD,Single,42997,1,1,91,4
2811,1963,PhD,Single,48918,1,1,21,52
3551,1954,Master,Together,60033,0,1,28,62
1663,1978,PhD,Together,34043,1,0,97,20
5543,1966,Graduation,Together,57811,0,1,49,545
1577,1946,Graduation,Married,78569,0,0,14,558
10641,1978,Graduation,Single,7500,1,1,5,6
5336,1971,Master,Together,157733,1,0,37,39
6024,1953,Graduation,Together,94384,0,0,62,1111
1878,1985,2n Cycle,Married,23148,0,0,83,4
3099,1970,Graduation,Divorced,44267,1,1,48,183
6055,1979,Graduation,Married,71626,0,0,94,546
5841,1966,Graduation,Together,60894,0,1,61,606
3972,1976,Graduation,Together,50200,1,1,70,266
4394,1965,PhD,Married,81051,0,0,43,1142
5758,1982,Graduation,Married,65169,0,0,23,1074
6658,1972,Graduation,Together,59868,0,1,37,771
4603,1960,PhD,Married,65695,0,1,50,371
8427,1956,Master,Single,64857,0,0,78,556
10260,1965,Master,Together,45143,0,1,74,202
7143,1955,2n Cycle,Together,74805,0,1,14,209
8789,1989,2n Cycle,Married,59060,1,0,77,35
6197,1962,PhD,Single,27238,1,1,39,37
4554,1965,Graduation,Together,47009,0,1,89,171
4937,1973,2n Cycle,Married,46094,1,1,62,12
1920,1972,Graduation,Married,40321,1,1,59,44
8749,1984,Graduation,Together,37235,1,0,68,20
1650,1960,Master,Married,81843,0,0,13,779
10377,1958,Master,Together,46692,0,1,37,170
9206,1968,Graduation,Together,77382,0,1,36,491
10971,1977,Graduation,Single,37774,2,0,28,173
6398,1974,Basic,Married,18393,1,0,2,7
9212,1962,Master,Married,72828,0,1,17,1205
7937,1982,Graduation,Married,24711,0,0,86,10
839,1975,PhD,Married,45503,1,0,54,97
4246,1982,Master,Single,6560,0,0,2,67
158,1945,PhD,Together,71604,0,0,3,345
4832,1979,Graduation,Married,27244,1,0,84,6
5621,1969,Graduation,Married,48752,1,1,8,73
1945,1962,Graduation,Married,71434,0,1,4,711
5147,1948,Graduation,Single,90842,0,0,57,774
2535,1978,Master,Married,88097,1,0,24,163
11039,1975,Graduation,Married,51948,0,1,51,82
9495,1982,Graduation,Together,71853,0,0,29,358
9635,1983,Master,Married,35876,0,0,13,66
2173,1952,Graduation,Widow,40049,0,1,23,13
942,1982,Graduation,Single,39660,1,0,36,139
9386,1962,Graduation,Together,50127,0,1,88,274
5510,1977,Master,Married,43263,0,1,2,262
873,1949,Master,Married,62845,1,1,3,1099
2253,1990,Graduation,Married,18929,0,0,15,32
5181,1982,Basic,Single,24367,1,0,58,2
979,1975,Graduation,Single,33249,1,0,11,6
10390,1959,2n Cycle,Married,26887,0,1,27,6
4698,1983,PhD,Married,50150,0,0,32,135
7793,1976,Graduation,Together,62061,0,1,12,641
1745,1962,PhD,Divorced,85696,0,0,88,714
10590,1956,PhD,Together,76542,0,0,91,794
5080,1993,Graduation,Single,70515,0,0,12,420
8369,1987,Graduation,Together,18227,1,0,21,1
5232,1965,Graduation,Married,69139,0,1,23,86
2407,1982,Graduation,Married,69109,0,0,10,823
3834,1962,Graduation,Single,69627,0,1,35,231
7912,1978,Graduation,Married,38136,1,0,69,8
7712,1946,PhD,Single,62159,0,0,68,182
1065,1963,Graduation,Single,80695,0,0,85,557
7275,1971,Master,Single,33316,1,1,34,79
1343,1968,Graduation,Together,58554,1,1,55,368
1384,1992,Basic,Married,17256,1,0,10,6
9967,1974,Graduation,Divorced,53034,1,1,30,160
6181,1950,2n Cycle,Together,52203,0,0,36,488
10507,1977,2n Cycle,Divorced,59601,0,1,14,691
2674,1958,Master,Single,75154,0,1,79,543
2698,1976,Graduation,Single,47025,0,1,52,254
3231,1973,Graduation,Married,37971,1,0,97,5
4096,1968,Master,Divorced,41335,1,0,24,112
10476,1958,Graduation,Married,67267,0,1,0,134
5948,1975,Graduation,Single,57338,0,1,96,143
9140,1960,2n Cycle,Together,50523,1,1,89,51
10258,1965,Master,Single,35791,2,1,94,27
5675,1960,PhD,Divorced,50611,0,1,98,459
4743,1969,PhD,Married,56242,0,1,72,689
8805,1960,Graduation,Single,48904,0,1,1,283
1542,1975,Graduation,Single,56243,1,2,26,347
6770,1985,Graduation,Married,21355,1,0,5,5
8773,1971,Master,Together,57420,0,1,22,280
10475,1970,Master,Together,,0,1,39,187
10420,1955,Master,Divorced,46390,0,1,56,95
7514,1956,2n Cycle,Together,54342,1,1,74,84
2902,1958,Graduation,Together,,1,1,87,19
4345,1964,2n Cycle,Single,,1,1,49,5
793,1973,Graduation,Married,20895,1,0,24,18
10909,1948,Graduation,Married,92344,0,0,9,992
3769,1972,PhD,Together,,1,0,17,25
8702,1976,2n Cycle,Together,26907,1,1,10,9
4791,1980,Graduation,Together,44964,1,1,35,19
2963,1979,Graduation,Together,75507,0,0,56,709
8216,1972,Master,Married,53761,1,1,7,158
8140,1973,Graduation,Together,22682,1,0,51,10
10146,1972,PhD,Together,38887,1,0,17,25
5289,1975,2n Cycle,Single,41658,1,1,30,8
2587,1972,PhD,Married,29791,1,0,21,14
4405,1956,Master,Married,63915,0,2,2,622
8663,1974,Graduation,Divorced,39996,1,1,85,11
2589,1972,Graduation,Divorced,26759,1,0,65,25
3421,1968,Master,Divorced,63841,0,1,64,635
10490,1969,PhD,Married,51039,1,1,11,100
4094,1961,Graduation,Married,60544,1,1,92,201
9958,1972,Graduation,Married,65685,0,1,54,642
2534,1953,Graduation,Married,37716,0,1,4,97
4188,1957,Graduation,Single,36864,0,1,53,204
6613,1970,Master,Married,44511,1,0,39,513
10827,1967,PhD,Married,36947,1,1,49,88
5491,1951,Master,Together,47352,0,1,70,172
8402,1953,Master,Married,67087,0,1,40,329
8783,1950,Graduation,Married,57045,0,1,40,296
10010,1953,PhD,Divorced,36957,1,1,43,100
618,1977,PhD,Married,69389,0,1,17,422
9121,1972,Graduation,Married,80134,1,0,40,1218
361,1969,Master,Married,43142,1,1,84,5
4310,1944,Graduation,Married,80589,0,0,25,507
2678,1990,Graduation,Single,34412,1,0,62,52
6376,1979,Graduation,Single,57537,1,0,83,191
524,1966,Basic,Together,22634,0,0,47,2
10341,1948,Graduation,Together,51315,0,0,45,68
5654,1972,Graduation,Married,36026,2,1,34,20
4098,1973,Graduation,Married,24639,1,1,3,20
5824,1972,PhD,Together,34578,2,1,1,7
7000,1972,2n Cycle,Single,65704,0,0,18,279
2561,1966,Graduation,Single,63810,0,1,45,977
5229,1969,PhD,Together,54132,0,1,81,30
4086,1959,Graduation,Married,18690,0,0,77,6
2428,1970,Graduation,Married,28164,1,0,23,3
8254,1974,PhD,Married,34596,1,0,48,14
2836,1972,PhD,Married,43269,1,0,61,10
8418,1958,2n Cycle,Single,38741,1,1,60,7
1362,1972,Graduation,Single,31907,0,0,75,33
7152,1983,Master,Married,27100,1,0,64,12
10033,1973,2n Cycle,Divorced,31163,1,0,54,2
9349,1985,Graduation,Married,92533,0,0,84,693
274,1973,Graduation,Single,34853,1,1,75,9
3388,1967,Graduation,Divorced,70844,1,1,16,129
922,1979,2n Cycle,Married,31086,1,1,79,16
8588,1961,Graduation,Married,60544,1,1,92,201
2518,1986,2n Cycle,Together,20491,0,0,16,5
574,1964,Graduation,Married,42523,0,0,96,14
3220,1983,Graduation,Married,39922,1,0,30,29
5967,1952,Graduation,Together,33402,1,1,60,26
1183,1949,Master,Married,36408,1,1,11,9
6856,1979,Graduation,Together,21645,1,0,75,14
4530,1948,Master,Widow,78427,0,0,36,972
1553,1946,Graduation,Together,82657,0,0,71,966
4682,1958,Graduation,Married,51876,0,0,88,99
8204,1971,2n Cycle,Married,78041,0,0,93,482
5221,1957,Graduation,Married,52852,0,1,93,714
1232,1982,PhD,Together,70038,0,0,54,587
1927,1973,2n Cycle,Together,69401,0,1,41,399
5788,1972,Graduation,Together,46053,1,0,46,56
6652,1965,Graduation,Married,77343,0,0,28,227
6246,1953,Graduation,Single,73892,0,0,40,703
5975,1967,PhD,Single,40304,1,0,82,37
6875,1965,PhD,Together,32727,0,0,38,167
4399,1969,Graduation,Together,68695,0,0,3,458
4042,1971,Graduation,Divorced,43300,0,1,87,91
2157,1972,Graduation,Together,26290,1,1,49,15
10133,1970,Graduation,Single,93790,0,0,16,1302
2525,1974,PhD,Married,38410,0,0,65,153
8233,1950,Master,Widow,64866,0,1,9,508
9483,1959,Graduation,Together,57957,0,1,24,290
2945,1955,PhD,Together,46015,1,1,25,38
10403,1978,Graduation,Together,16531,1,0,43,2
5074,1986,Master,Married,28072,1,0,10,30
10524,1963,Master,Divorced,49476,0,1,29,386
4690,1953,Graduation,Married,50725,0,1,45,443
7521,1952,Graduation,Together,83844,0,0,57,901
7196,1950,PhD,Married,41145,1,1,20,9
4406,1970,Graduation,Together,67419,0,1,29,846
9672,1970,2n Cycle,Married,23162,1,1,82,8
4864,1977,Graduation,Married,34380,1,0,68,72
4706,1966,Graduation,Single,34704,0,1,65,29
4070,1969,PhD,Married,94871,0,2,99,169
25,1958,Graduation,Married,65148,0,1,9,460
3697,1954,Graduation,Together,39898,0,1,20,69
217,1956,Master,Single,64857,0,0,78,556
4220,1970,PhD,Married,59892,0,1,26,73
5286,1987,Master,Single,41020,0,0,68,112
9559,1961,PhD,Married,57072,0,1,79,944
2849,1979,Graduation,Single,60474,0,1,25,265
7787,1960,Graduation,Together,62807,0,1,83,526
3102,1981,2n Cycle,Together,19414,1,0,32,2
5868,1980,Graduation,Married,19107,1,0,49,2
8370,1976,2n Cycle,Together,75484,0,1,50,378
9988,1976,Master,Single,70379,0,1,84,553
2939,1970,Master,Together,79419,0,0,96,751
5529,1946,PhD,Together,64014,2,1,56,406
9743,1955,Graduation,Married,76998,0,1,85,1449
5763,1972,Master,Together,49854,1,0,63,123
3478,1971,PhD,Married,60585,1,1,17,267
7494,1950,PhD,Divorced,42873,1,1,11,209
1763,1988,Graduation,Together,87679,0,0,62,1259
7250,1978,Graduation,Together,57867,1,0,48,344
2005,1990,Graduation,Married,35765,1,0,86,22
10770,1959,Graduation,Married,65492,0,0,73,247
6885,1977,Graduation,Divorced,32952,1,0,36,38
2072,1969,PhD,Together,53374,0,1,34,896
9463,1959,Graduation,Together,71706,0,1,16,931
6318,1988,Graduation,Married,68487,0,0,48,758
4093,1975,Master,Together,53253,1,1,61,216
5751,1973,2n Cycle,Divorced,31163,1,0,54,2
3340,1977,Graduation,Married,42014,1,0,56,244
3594,1973,Master,Married,54108,1,1,74,539
3584,1955,PhD,Single,49667,0,0,35,1181
3643,1974,Master,Married,63206,0,0,65,750
851,1972,Master,Married,57136,1,1,48,306
7706,1975,2n Cycle,Together,46772,0,1,88,350
3967,1971,PhD,Married,78931,0,0,19,331
10128,1958,Graduation,Together,53977,0,1,21,620
486,1988,Graduation,Married,84219,0,0,27,434
9,1975,Master,Single,46098,1,1,86,57
9451,1965,Graduation,Married,73538,0,1,92,811
9264,1986,Graduation,Married,79529,0,0,1,423
3865,1977,2n Cycle,Together,20981,0,0,14,2
2853,1980,Graduation,Single,51766,1,0,74,60
1490,1962,Graduation,Married,55759,0,1,84,675
6310,1978,Graduation,Married,33039,1,0,4,30
10380,1972,Master,Married,37787,1,0,50,40
3887,1970,Graduation,Single,27242,1,0,2,3
4278,1983,PhD,Single,87188,0,0,73,910
8643,1971,Graduation,Together,69930,0,0,21,252
1998,1976,Graduation,Single,37697,1,0,82,34
10795,1973,PhD,Married,37401,1,0,14,19
11110,1973,Graduation,Single,3502,1,0,56,2
2408,1976,Graduation,Married,58597,1,1,20,490
202,1948,PhD,Widow,82032,0,0,54,332
7998,1958,Graduation,Together,28087,1,1,77,53
830,1987,PhD,Single,74004,0,0,5,784
3536,1960,Graduation,Together,19740,0,1,65,7
6050,1975,2n Cycle,Married,57036,0,1,33,1171
125,1958,2n Cycle,Together,53083,1,1,65,215
3463,1975,PhD,Married,69283,0,1,41,674
2804,1975,Master,Single,46098,1,1,86,57
3745,1988,2n Cycle,Married,23331,1,0,92,5
9771,1988,2n Cycle,Single,23331,1,0,97,104
451,1989,Graduation,Single,9255,1,0,91,9
10530,1959,PhD,Widow,67786,0,0,0,431
1079,1971,PhD,Married,71969,0,1,59,1000
8920,1967,Master,Single,59235,1,0,4,448
6678,1989,Graduation,Together,31928,1,0,5,33
3852,1961,Master,Together,74881,1,1,48,505
528,1978,Graduation,Married,65819,0,0,99,267
73,1953,PhD,Single,51411,1,2,81,14
5589,1964,Graduation,Divorced,51983,0,1,95,631
10212,1986,Master,Together,42386,1,0,43,65
6365,1987,2n Cycle,Married,30390,0,0,5,10
5636,1963,Graduation,Single,30983,0,0,50,51
591,1957,Graduation,Widow,66033,0,1,76,293
2217,1975,2n Cycle,Married,37284,1,1,46,11
2544,1951,Master,Divorced,57530,0,1,68,50
7725,1965,2n Cycle,Married,76800,0,0,33,173
8091,1956,Graduation,Married,63943,0,1,50,423
7321,1962,Graduation,Together,76081,0,0,85,292
5462,1974,Graduation,Married,67445,0,1,63,757
7791,1967,Master,Married,37054,1,1,89,12
955,1962,Master,Together,47175,1,1,81,167
4037,1976,Graduation,Divorced,31859,1,0,77,3
6642,1961,Graduation,Divorced,27215,2,1,50,30
2793,1976,PhD,Divorced,70179,0,1,10,532
5424,1983,Graduation,Married,39922,1,0,30,29
879,1976,Master,Married,49681,0,2,66,411
9530,1988,Graduation,Married,24645,1,0,16,5
4828,1954,Graduation,Divorced,79865,0,1,12,71
10699,1985,Graduation,Married,44322,1,0,30,46
1497,1952,Graduation,Single,47958,0,1,8,268
7476,1964,Master,Single,63972,0,1,93,928
4390,1954,Graduation,Together,75315,0,1,14,459
10478,1950,PhD,Married,55517,1,1,53,483
1081,1957,PhD,Married,75283,1,2,26,733
4261,1946,PhD,Single,82800,0,0,23,1006
9916,1954,Graduation,Married,38998,1,1,92,34
5350,1991,Master,Single,90638,0,0,29,1156
8135,1986,Master,Married,27161,1,0,41,7
8685,1977,Graduation,Married,42014,1,0,56,244
4967,1960,PhD,Together,38201,0,1,19,233
2130,1982,Graduation,Together,45203,2,0,4,35
9298,1947,PhD,Together,81574,0,0,89,1252
8175,1992,Graduation,Married,34935,0,0,71,34
6257,1976,Master,Single,60482,0,1,81,255
3790,1956,Graduation,Together,34633,2,1,31,8
9952,1947,Master,Together,78093,0,0,53,368
3503,1950,Graduation,Divorced,82460,0,0,78,255
5223,1966,Master,Together,45903,0,1,80,33
4608,1987,Graduation,Divorced,81361,0,0,18,163
1626,1973,PhD,Divorced,35860,1,1,37,15
4764,1952,Master,Together,40442,1,1,52,45
2471,1965,Graduation,Married,61482,0,0,39,48
5892,1980,Graduation,Married,34968,1,0,11,158
2612,1987,Graduation,Married,75794,0,0,33,754
4971,1962,PhD,Together,31497,0,1,22,108
5185,1955,Graduation,Married,74268,0,0,83,199
10069,1988,Basic,Together,13724,1,0,43,2
2262,1965,Master,Together,45143,0,1,74,202
1131,1967,PhD,Single,52569,0,1,54,85
1041,1973,PhD,Single,48432,0,1,3,322
24,1960,Master,Together,17144,1,1,96,18
3409,1984,Graduation,Single,36108,1,0,68,141
7022,1971,Graduation,Married,76445,1,0,2,739
7943,1975,PhD,Married,36663,1,0,40,18
5272,1965,Master,Married,53843,0,1,64,378
5453,1956,Master,Married,90226,0,0,26,1083
2565,1955,Master,Divorced,70638,0,0,69,1016
800,1960,Graduation,Together,44512,1,1,57,23
11092,1961,Graduation,Married,27116,1,1,78,12
5062,1963,PhD,Married,54072,1,1,71,35
8969,1977,Graduation,Married,71855,0,1,59,548
4656,1990,2n Cycle,Single,51250,1,0,28,342
4480,1973,Master,Married,60432,0,1,61,365
9971,1964,PhD,Married,65526,0,1,22,397
6729,1988,Graduation,Single,68655,0,0,95,456
1773,1978,2n Cycle,Married,12393,0,0,38,5
9242,1990,Graduation,Single,64509,0,0,19,836
1764,1975,Graduation,Single,33955,1,0,92,100
6215,1977,Graduation,Married,31353,1,1,24,10
10099,1984,Graduation,Married,55434,1,0,21,238
5423,1983,Graduation,Together,28359,1,0,35,6
940,1987,Graduation,Single,57100,1,0,9,158
3011,1965,Graduation,Married,69139,0,1,23,86
3298,1956,Master,Married,52973,0,1,92,856
8286,1965,PhD,Together,51717,0,1,55,98
9668,1971,Graduation,Married,18793,1,0,14,4
5120,1982,2n Cycle,Together,66664,0,0,78,398
6097,1959,Graduation,Single,50664,1,1,64,313
7019,1963,Graduation,Together,54414,1,1,49,109
7408,1952,PhD,Married,54549,0,1,8,216
8041,1971,PhD,Widow,47111,0,1,35,595
252,1963,PhD,Divorced,41003,0,0,11,123
9986,1982,Graduation,Together,19444,1,0,8,16
3276,1976,2n Cycle,Together,36301,1,0,53,11
3859,1947,PhD,Together,73059,0,1,36,410
3570,1969,PhD,Together,42731,1,0,64,159
3783,1959,PhD,Married,52854,1,1,43,105
10207,1978,Graduation,Together,22775,1,0,40,5
10906,1948,PhD,Together,46681,0,2,52,269
3427,1955,PhD,Married,59821,0,1,11,629
5209,1954,Graduation,Divorced,50002,0,1,21,443
10711,1945,Graduation,Married,69755,0,0,23,217
10785,1969,Graduation,Married,44078,1,1,17,24
2814,1976,Master,Together,30560,1,0,6,9
6866,1969,Master,Together,35924,1,1,56,8
1665,1964,PhD,Divorced,64140,0,2,71,1459
6575,1981,Graduation,Together,56386,1,1,51,230
3829,1979,Basic,Together,24594,1,0,94,1
3091,1981,2n Cycle,Together,75774,1,0,27,340
10141,1960,Master,Divorced,39228,0,0,1,7
5177,1974,Master,Married,58494,0,1,56,298
7005,1981,Graduation,Single,58684,0,0,71,479
6409,1967,Graduation,Divorced,57136,0,0,18,267
7485,1950,PhD,Widow,56551,1,1,48,67
8079,1982,Graduation,Married,22448,1,0,86,3
8395,1961,Graduation,Single,82014,0,0,48,980
10352,1963,Graduation,Widow,34213,1,1,2,50
4931,1977,Graduation,Together,157146,0,0,13,1
13,1947,PhD,Widow,25358,0,1,57,19
1834,1978,Master,Single,35544,1,0,77,30
2285,1954,Master,Together,36634,0,1,0,213
2295,1954,PhD,Married,62670,0,1,57,539
1378,1972,2n Cycle,Together,50334,0,1,24,284
2781,1981,Graduation,Single,72066,0,0,55,1003
1165,1958,PhD,Single,50729,1,1,62,239
1404,1968,Graduation,Together,34916,2,0,89,51
6457,1976,Graduation,Divorced,64892,0,1,77,527
2639,1966,Graduation,Single,43602,1,1,45,19
8299,1989,PhD,Single,33996,0,0,46,40
6437,1985,2n Cycle,Single,41473,1,0,80,21
6912,1967,PhD,Married,63246,0,2,60,593
7327,1959,PhD,Married,36732,1,1,71,21
5299,1970,PhD,Married,69084,1,0,43,1181
4127,1967,PhD,Married,77766,0,1,97,1004
8143,1985,PhD,Single,37929,0,0,49,202
1964,1951,Graduation,Together,86610,0,0,66,446
3690,1986,Master,Married,80141,0,0,20,1184
3433,1955,2n Cycle,Married,72635,0,0,54,390
3389,1970,Graduation,Married,69016,0,1,61,726
4712,1991,2n Cycle,Together,20193,0,0,18,8
1170,1975,Graduation,Married,27573,1,0,45,50
6347,1979,Basic,Single,15862,1,0,26,1
4065,1976,PhD,Married,49544,1,0,0,308
8230,1980,Graduation,Married,33228,1,0,28,22
1215,1978,Graduation,Together,70440,0,0,49,690
5939,1971,Graduation,Together,38232,1,1,84,43
2156,1955,PhD,Married,22554,1,1,38,27
7788,1983,PhD,Married,23536,1,0,53,6
10323,1952,Graduation,Married,49413,0,1,88,205
7947,1969,Graduation,Married,42231,1,1,99,24
1891,1980,Master,Divorced,78789,0,0,12,667
2570,1968,Graduation,Together,56534,0,1,35,691
9256,1971,Graduation,Single,58350,0,1,5,493
295,1989,Graduation,Single,81217,0,0,77,493
7397,1951,Graduation,Single,49090,0,1,45,494
6349,1987,Master,Divorced,61787,0,0,71,621
10790,1985,PhD,Married,18169,1,0,40,9
10398,1981,2n Cycle,Single,24336,1,0,82,1
2431,1990,Graduation,Married,18222,0,0,70,12
550,1952,Graduation,Divorced,62335,0,1,87,243
1890,1971,2n Cycle,Together,42033,1,1,95,11
10742,1983,PhD,Married,86580,0,0,72,532
10356,1957,PhD,Divorced,41437,1,1,5,29
4676,1951,Master,Widow,73705,0,2,86,612
8852,1976,Graduation,Married,61064,0,1,80,387
3565,1955,Master,Married,38452,1,1,62,56
5294,1989,Graduation,Single,18358,1,0,49,6
1958,1973,PhD,Together,55012,0,1,85,582
7349,1973,Basic,Together,9722,1,0,7,6
8799,1984,PhD,Married,38175,1,0,6,70
1351,1956,Master,Together,58656,0,1,25,962
1045,1965,Graduation,Together,52117,0,1,55,112
7732,1978,Graduation,Married,64813,1,0,81,293
8070,1973,PhD,Married,54222,0,1,98,199
477,1986,Graduation,Married,83512,0,0,31,1060
7832,1959,Master,Married,77520,0,1,30,940
2202,1978,Graduation,Together,41154,0,1,98,44
7396,1966,Graduation,Married,80398,0,0,92,342
4055,1992,Basic,Single,18746,1,0,41,2
10340,1984,Graduation,Together,35196,1,0,68,75
10091,1956,Graduation,Single,60230,0,1,78,520
7629,1977,Graduation,Married,22108,1,1,46,5
10640,1974,Graduation,Together,44392,1,1,71,87
3498,1976,PhD,Married,55424,0,1,6,462
6742,1979,Graduation,Married,17688,1,0,82,2
1172,1983,PhD,Married,92491,0,0,71,979
569,1991,Graduation,Single,90273,0,0,32,704
4686,1962,PhD,Widow,82571,0,0,28,861
1381,1982,PhD,Single,38513,1,0,20,172
2634,1979,Master,Single,16653,1,0,10,5
10905,1955,Graduation,Together,42586,1,1,7,194
1744,1965,Basic,Single,23529,0,1,67,9
1000,1961,Master,Together,74881,1,1,48,505
3828,1951,Graduation,Married,71107,0,1,61,533
8605,1964,PhD,Together,46910,1,1,36,48
10304,1959,Graduation,Married,18690,0,0,77,6
4351,1955,Graduation,Divorced,37244,1,1,90,18
10129,1966,Graduation,Together,82427,0,0,35,482
2499,1958,2n Cycle,Single,75342,0,1,38,204
10092,1954,Graduation,Divorced,70044,0,1,46,1073
7500,1967,Graduation,Single,79146,1,1,33,245
5796,1963,Graduation,Married,77437,0,0,70,560
10556,1959,Graduation,Married,54984,0,1,51,173
1064,1971,PhD,Married,42403,1,0,18,22
48,1964,Graduation,Together,55761,0,1,97,136
7610,1983,Graduation,Together,37292,1,0,32,275
263,1945,PhD,Single,45576,0,0,9,56
10814,1947,Graduation,Together,70321,0,0,6,303
9710,1969,PhD,Divorced,58086,0,1,80,708
9292,1952,Graduation,Married,81795,0,0,74,324
10250,1947,Basic,Together,28389,0,0,49,1
7881,1946,Master,Married,66835,0,0,21,620
5847,1969,Graduation,Divorced,69901,0,1,95,312
737,1949,PhD,Married,80360,0,0,56,1493
3571,1961,PhD,Together,63342,0,1,48,918
7807,1974,Graduation,Married,44989,0,1,26,98
3878,1980,2n Cycle,Single,31859,1,0,3,3
5092,1949,PhD,Widow,51569,0,1,39,380
2154,1971,Graduation,Widow,30372,1,1,33,15
5394,1979,Basic,Single,16014,1,1,42,3
3798,1968,Graduation,Married,41120,1,1,80,24
3524,1971,Master,Single,39763,1,0,9,80
5247,1955,PhD,Married,38725,1,1,52,31
5883,1972,Graduation,Married,77981,1,0,78,138
2118,1964,2n Cycle,Married,62905,0,1,68,166
8812,1979,2n Cycle,Divorced,13533,1,0,45,12
6616,1975,Graduation,Together,59481,0,1,47,178
2797,1977,Graduation,Married,72117,0,1,34,707
4328,1986,2n Cycle,Married,21955,1,0,81,5
9167,1956,Graduation,Married,67131,0,1,72,465
10560,1980,PhD,Single,36802,1,0,23,16
2631,1982,Graduation,Together,71853,0,0,29,358
8312,1961,Basic,Married,28249,0,0,80,1
5534,1975,Master,Married,47808,0,1,30,123
5093,1974,PhD,Divorced,25509,1,0,15,40
7592,1946,PhD,Married,51012,0,0,86,102
8895,1985,Graduation,Single,70596,0,0,68,347
8584,1952,PhD,Together,85431,0,0,54,376
2694,1967,Graduation,Married,42664,0,1,44,21
8910,1955,Graduation,Together,42586,1,1,7,194
7433,1985,Graduation,Single,29760,1,0,87,64
164,1977,PhD,Married,28973,0,0,59,206
10477,1973,PhD,Together,39435,1,0,16,71
2681,1984,2n Cycle,Married,65370,0,0,1,71
5150,1979,Basic,Single,20194,1,0,64,0
5283,1976,PhD,Single,42473,1,1,72,93
9645,1968,Graduation,Married,64590,0,0,98,920
10678,1959,Graduation,Together,71232,0,1,91,653
7261,1971,Graduation,Together,34600,1,1,8,199
9648,1967,Graduation,Single,46904,1,1,20,153
2870,1973,Graduation,Married,49094,0,1,6,376
8008,1983,Graduation,Together,36075,1,0,54,46
1513,1979,2n Cycle,Together,60839,1,1,72,600
6173,1979,Graduation,Together,77298,0,1,46,425
1419,1950,Graduation,Together,34026,1,1,11,18
9150,1963,PhD,Single,48918,1,1,21,52
7960,1962,2n Cycle,Together,82122,0,0,89,734
1250,1976,Graduation,Single,37697,1,0,82,34
9905,1952,Graduation,Together,34074,1,1,69,135
10691,1960,Master,Married,28520,1,1,55,11
7002,1955,Graduation,Single,62535,0,1,13,163
2952,1977,Master,Single,36273,1,0,80,29
8439,1964,Graduation,Together,63404,0,2,97,734
762,1981,2n Cycle,Together,75774,1,0,27,340
2831,1976,Graduation,Together,78416,0,1,99,453
6977,1974,Graduation,Together,75702,0,1,87,1073
6289,1951,Master,Together,59385,1,1,85,135
4168,1966,Graduation,Single,37070,1,1,30,231
8397,1951,Graduation,Married,44689,1,1,82,18
9284,1958,Graduation,Together,53977,0,1,21,620
6237,1966,PhD,Single,7144,0,2,92,81
3130,1964,Graduation,Single,18701,1,1,95,12
1619,1956,Graduation,Married,90369,0,0,2,292
1990,1974,PhD,Single,63159,0,0,74,965
5513,1966,Graduation,Together,37758,1,1,49,27
269,1963,PhD,Single,46757,0,1,71,777
8093,1969,Master,Married,79734,0,0,72,572
10513,1992,Graduation,Together,63207,0,0,68,438
10177,1954,Graduation,Divorced,72071,0,1,4,531
2549,1983,PhD,Together,21840,1,0,80,17
5782,1982,2n Cycle,Together,58582,0,1,15,402
10057,1951,Graduation,Single,72282,0,0,70,503
10307,1956,Graduation,Married,50387,0,2,91,369
8566,1961,PhD,Together,32583,1,1,10,5
2415,1962,Graduation,Together,62568,0,1,99,362
5684,1971,Master,Divorced,44635,1,1,25,56
8334,1971,Master,Single,33316,1,1,34,79
9166,1968,Graduation,Married,63967,0,1,57,387
1440,1978,2n Cycle,Together,52513,0,0,84,367
78,1969,Graduation,Married,25293,1,0,51,15
5441,1965,PhD,Widow,54111,0,1,97,267
5302,1986,Graduation,Together,78394,0,0,13,298
4687,1958,Master,Married,80739,0,0,92,674
1087,1975,Master,Together,22669,1,0,30,16
6859,1987,Graduation,Single,29236,1,0,30,37
9860,1959,Graduation,Together,44911,0,1,11,159
7129,1962,PhD,Married,54693,0,1,72,686
5866,1974,Graduation,Together,48186,1,0,39,97
10521,1977,Graduation,Married,54809,1,1,0,63
7393,1978,Graduation,Together,41580,1,1,15,56
7849,1970,PhD,Married,80336,0,0,12,209
332,1957,Graduation,Married,47743,0,1,56,198
9847,1955,2n Cycle,Married,62972,0,1,39,313
531,1954,PhD,Divorced,57333,0,1,55,941
9576,1982,PhD,Together,32313,1,0,60,86
6906,1953,Master,Widow,84953,0,0,73,167
7419,1968,Master,Divorced,27071,1,0,90,8
3170,1957,Master,Together,68148,0,0,86,389
8527,1965,Master,Together,65735,1,1,37,239
7872,1975,PhD,Married,86836,0,0,7,179
9931,1963,PhD,Married,4023,1,1,29,5
10595,1990,Graduation,Married,30093,0,0,19,2
4609,1966,PhD,Married,57705,0,1,14,383
5010,1988,Graduation,Single,25008,1,0,72,2
4427,1995,2n Cycle,Single,83257,0,0,56,536
11148,1975,Graduation,Together,22280,1,0,85,2
1168,1978,PhD,Married,72159,0,0,62,322
9595,1961,Graduation,Together,64260,0,0,1,539
10163,1984,PhD,Single,82733,0,0,28,712
2886,1971,Master,Divorced,74290,0,1,70,1121
6710,1951,Master,Single,58217,2,1,84,68
5316,1976,Master,Together,21024,0,0,89,36
9029,1972,PhD,Married,70116,0,0,73,707
521,1985,Graduation,Together,54006,1,0,42,174
1459,1966,PhD,Married,69063,0,1,16,666
10241,1975,2n Cycle,Divorced,11448,0,0,16,0
1630,1979,Graduation,Single,61825,0,1,56,162
3254,1971,Graduation,Married,70886,1,0,65,407
9064,1982,Graduation,Married,69109,0,0,10,823
3678,1973,Graduation,Widow,60208,1,1,13,488
4227,1968,Master,Together,32889,1,1,78,28
9467,1984,Graduation,Single,34738,1,0,51,3
8486,1971,Master,Together,30538,1,0,27,284
2186,1977,2n Cycle,Together,82326,0,0,30,938
3286,1967,PhD,Divorced,26642,1,0,71,13
8602,1964,Graduation,Divorced,69932,0,1,97,412
3722,1972,Graduation,Single,44503,1,1,83,31
6715,1948,PhD,Single,60200,0,1,3,502
4796,1952,Graduation,Divorced,49638,0,1,71,18
9612,1987,2n Cycle,Single,23830,0,0,3,1
3766,1959,Master,Widow,33051,0,0,15,100
1399,1958,Graduation,Married,72905,0,0,52,407
1570,1951,PhD,Together,69702,0,1,8,664
3426,1975,Graduation,Divorced,70300,1,0,89,1045
3074,1984,PhD,Married,70643,0,0,66,1218
8341,1969,PhD,Married,30396,1,0,22,15
5180,1968,PhD,Divorced,50616,0,1,56,128
6461,1969,Master,Single,62772,0,1,74,581
7679,1985,PhD,Single,30298,0,0,48,6
10702,1984,Graduation,Single,52413,1,0,67,185
7505,1957,PhD,Married,44155,1,1,24,22
5113,1971,PhD,Divorced,86979,0,0,67,584
10858,1975,Graduation,Together,76532,1,1,38,355
2961,1982,Graduation,Married,42081,1,0,86,175
2747,1988,PhD,Married,67546,0,0,90,864
3010,1989,Master,Together,88420,0,0,87,957
5790,1985,Graduation,Married,31158,1,0,62,25
6892,1968,Graduation,Divorced,61671,0,1,23,641
1743,1974,Graduation,Single,69719,0,0,99,273
3578,1949,Graduation,Divorced,49160,0,1,29,122
8462,1978,Basic,Together,24882,1,0,52,1
5558,1954,PhD,Single,90933,0,0,90,1020
4619,1945,PhD,Single,113734,0,0,9,6
8780,1950,PhD,Together,59292,0,1,71,378
10789,1964,PhD,Married,45759,1,1,13,42
10779,1983,Graduation,Single,22148,0,0,16,15
5896,1987,Master,Married,73395,0,0,94,272
2337,1971,Graduation,Divorced,29819,1,0,77,9
10951,1968,Graduation,Married,45688,0,1,20,279
544,1954,Graduation,Married,62820,0,0,51,398
17,1971,PhD,Married,60491,0,1,81,637
10680,1986,Graduation,Together,33235,1,0,71,45
3265,1959,Graduation,Married,35701,0,0,36,21
5623,1980,Master,Married,31535,1,0,95,15
5832,1960,2n Cycle,Together,92556,0,0,32,493
5544,1970,Graduation,Single,67384,0,1,32,957
6417,1971,Master,Together,80573,0,0,85,829
5831,1967,Graduation,Married,77870,0,1,93,1017
7101,1963,PhD,Widow,52278,0,1,24,953
10176,1968,Graduation,Single,57107,0,1,44,159
2326,1990,Graduation,Married,18929,0,0,15,32
4385,1981,PhD,Single,36038,1,0,82,23
2929,1976,Graduation,Single,20180,0,0,27,18
10686,1965,PhD,Together,34230,1,1,72,15
2546,1977,2n Cycle,Single,31878,0,1,7,23
3283,1972,2n Cycle,Married,70932,0,1,57,200
3138,1956,Graduation,Single,91249,0,0,84,1324
4994,1943,Master,Single,77598,0,0,53,1193
7966,1959,Graduation,Single,80982,1,1,48,505
3112,1977,Master,Married,22701,1,0,2,2
10872,1969,PhD,Married,55212,0,1,65,1103
2181,1970,Graduation,Married,70617,0,0,45,353
1867,1957,Graduation,Single,64849,0,0,42,652
1518,1965,Master,Married,62694,1,1,29,379
5734,1974,PhD,Married,61917,1,1,83,46
2878,1947,PhD,Married,67472,0,1,93,162
1458,1982,Master,Married,21059,1,0,40,8
7007,1968,Master,Married,29543,2,0,47,17
6200,1951,Graduation,Married,75903,0,1,50,340
1403,1975,2n Cycle,Together,34984,1,1,40,8
4827,1956,PhD,Single,54998,0,1,3,154
6250,1949,PhD,Widow,54356,0,1,62,710
9291,1959,Master,Married,34242,0,1,25,8
2478,1973,Graduation,Married,25410,1,0,48,2
1139,1984,PhD,Married,73356,0,0,56,1050
5138,1950,Graduation,Together,28320,0,1,68,19
5393,1977,Graduation,Single,23763,1,0,64,22
10413,1984,Graduation,Married,72570,0,0,67,274
5015,1976,Master,Married,34529,1,0,94,68
10868,1951,Graduation,Widow,70792,0,0,82,344
10676,1982,Graduation,Married,63211,0,0,3,145
2495,1974,Master,Married,83891,0,1,24,217
7842,1968,Graduation,Single,36065,1,1,54,18
9955,1954,Graduation,Together,39898,0,1,20,69
6663,1940,PhD,Single,51141,0,0,96,144
2162,1976,Graduation,Married,56939,0,1,19,256
3434,1951,Graduation,Single,80872,0,0,60,483
7919,1976,PhD,Together,72335,0,0,2,1285
5626,1964,PhD,Single,61798,0,0,13,338
6428,1950,PhD,Widow,76842,0,0,37,605
8514,1976,Graduation,Together,29478,1,0,59,8
10448,1956,Graduation,Single,46998,0,1,55,172
2109,1990,Graduation,Single,96843,0,0,60,448
7530,1950,PhD,Widow,56551,1,1,48,67
8925,1965,Master,Married,70053,0,1,38,512
3009,1962,PhD,Widow,71670,0,0,8,1462
6355,1978,Graduation,Married,44359,1,1,19,20
3517,1952,Graduation,Single,40887,1,1,32,50
1158,1966,Graduation,Divorced,48877,0,1,27,102
6203,1947,Graduation,Together,74485,0,0,58,499
7165,1972,Graduation,Together,64474,0,1,59,381
3595,1963,Graduation,Together,77226,0,1,29,631
8537,1949,Graduation,Widow,72643,0,0,60,526
4331,1978,Master,Together,85738,0,0,41,913
6281,1966,Graduation,Divorced,55686,0,1,27,673
4338,1983,Graduation,Single,39062,1,0,28,23
2452,1971,Graduation,Together,34600,1,1,8,199
9507,1975,Graduation,Married,40794,0,1,18,261
8360,1971,2n Cycle,Married,54690,1,1,76,111
10311,1969,Graduation,Married,4428,0,1,0,16
5117,1963,2n Cycle,Married,32632,0,0,32,63
4867,1968,PhD,Single,38236,1,1,2,58
9289,1979,Graduation,Married,36781,1,0,16,29
10913,1984,Master,Single,31385,1,0,56,3
3032,1984,Graduation,Married,24570,1,0,97,28
8524,1974,PhD,Divorced,25509,1,0,15,40
3334,1951,Graduation,Married,94642,0,0,35,879
4470,1962,Master,Married,58646,0,1,3,62
1406,1975,Graduation,Single,53201,1,1,49,280
8619,1957,Graduation,Together,21994,0,1,4,9
10821,1978,Graduation,Married,57113,1,1,45,182
4552,1991,Graduation,Married,51373,0,0,37,83
898,1986,Graduation,Married,23477,1,0,39,38
9797,1956,Graduation,Married,58116,0,1,38,228
10949,1963,PhD,Divorced,72968,0,0,8,1092
8212,1971,Master,Married,39791,0,1,89,85
6248,1947,Master,Single,91712,0,0,47,1276
10164,1958,Graduation,Single,94472,0,1,75,1017
4547,1960,Graduation,Together,13672,1,1,86,6
6815,1980,2n Cycle,Married,96547,0,0,4,448
4122,1975,Graduation,Married,79205,0,0,73,504
10841,1975,PhD,Together,56559,0,1,46,226
5370,1973,PhD,Married,32644,1,0,38,239
176,1980,2n Cycle,Single,67506,0,1,73,90
4860,1970,Graduation,Single,24206,1,0,66,7
10757,1967,PhD,Divorced,28420,1,0,36,4
4023,1970,Graduation,Married,22979,1,0,29,16
6679,1966,Graduation,Single,33279,0,0,29,10
9923,1972,Master,Single,46423,1,1,6,68
7181,1977,Graduation,Married,30368,0,1,97,35
3599,1970,Graduation,Married,63684,0,1,61,575
405,1964,Graduation,Divorced,41638,0,1,68,315
6870,1959,PhD,Divorced,68805,0,1,73,182
832,1966,PhD,Together,65814,0,1,90,561
2002,1958,Graduation,Divorced,71964,0,0,81,587
3657,1986,Graduation,Single,39146,1,0,1,94
500,1977,Graduation,Together,96876,0,0,79,908
1951,1981,Basic,Married,34445,0,0,92,228
3262,1958,Graduation,Single,68281,0,0,31,995
4102,1975,2n Cycle,Married,37284,1,1,46,11
7042,1983,Graduation,Married,36790,0,0,14,3
10598,1967,Graduation,Together,27943,1,1,89,12
255,1951,Graduation,Divorced,22263,1,1,31,17
2375,1972,Graduation,Together,30261,1,2,75,8
9829,1978,Graduation,Together,28587,1,0,42,22
6214,1982,Master,Married,43815,1,0,53,14
4954,1956,Graduation,Married,48195,1,1,53,106
7861,1952,Master,Married,77027,0,1,23,820
4837,1965,PhD,Married,71322,0,1,57,753
9423,1979,Master,Married,32765,1,0,49,13
4198,1965,Graduation,Together,29672,1,1,6,9
153,1953,Graduation,Divorced,23272,0,0,29,19
9323,1949,Master,Together,49912,0,1,5,520
10001,1985,2n Cycle,Together,7500,1,0,98,5
3945,1947,PhD,Widow,68117,0,1,80,618
3799,1955,Graduation,Married,67225,0,1,4,315
8625,1976,Graduation,Married,17649,1,0,70,15
3491,1975,Graduation,Together,55914,0,1,32,384
983,1984,Graduation,Married,40059,1,0,82,110
9119,1950,Graduation,Together,60905,0,1,27,208
4786,1977,Graduation,Married,75330,1,1,94,555
5872,1951,Graduation,Single,60689,0,1,23,240
6568,1984,Graduation,Married,38680,1,0,97,11
5628,1982,Graduation,Together,61416,0,0,25,848
5631,1991,Graduation,Single,49767,0,0,92,202
4974,1970,Graduation,Single,83273,1,2,98,433
8416,1981,Graduation,Married,29009,1,0,19,6
5454,1979,Master,Married,45057,1,0,80,37
4095,1971,Graduation,Married,37150,1,0,80,167
5474,1970,Graduation,Single,43020,1,0,79,45
4268,1959,Graduation,Married,53154,0,1,50,129
10701,1973,Graduation,Married,65308,0,0,60,713
3507,1970,Graduation,Single,76467,1,0,44,676
2079,1947,2n Cycle,Married,81044,0,0,0,450
626,1951,Graduation,Married,32871,1,1,28,22
4426,1975,Graduation,Single,55801,1,1,35,367
2591,1959,Graduation,Widow,76320,0,1,49,526
10509,1955,Master,Single,36927,1,1,46,51
6382,1953,Graduation,Together,48794,1,1,97,25
6673,1965,Graduation,Single,23478,0,0,51,28
7441,1973,Graduation,Divorced,71128,1,0,80,958
1071,1976,PhD,Divorced,70179,0,1,10,532
10061,1950,Graduation,Married,59462,0,1,29,724
7187,1969,Master,Together,,1,1,52,375
8775,1969,Graduation,Together,38361,1,0,74,39
1612,1981,PhD,Single,,1,0,82,23
2345,1982,PhD,Together,70038,0,0,54,587
322,1978,Graduation,Together,42554,1,1,93,29
10897,1974,Graduation,Married,67445,0,1,63,757
123,1951,Graduation,Widow,67046,0,1,92,544
6103,1948,Graduation,Married,42192,0,0,40,40
7899,1952,PhD,Married,77610,0,1,70,1245
10500,1984,Graduation,Married,31761,1,0,96,19
1655,1979,Graduation,Together,34350,1,0,81,16
2406,1949,Graduation,Together,54591,0,1,63,376
2712,1956,Graduation,Married,71866,0,1,85,184
5517,1969,Graduation,Married,25293,1,0,51,15
10643,1987,PhD,Single,42000,0,0,23,124
2254,1983,Graduation,Married,69520,0,0,95,627
10281,1970,Graduation,Divorced,64713,1,0,11,180
6958,1977,Master,Married,27889,1,0,42,14
954,1960,Basic,Widow,22123,0,0,77,3
5079,1971,Graduation,Married,,1,1,82,71
10339,1954,Master,Together,,0,1,83,161
4643,1973,Graduation,Married,27803,1,0,40,8
3117,1955,Graduation,Single,,0,1,95,264
6497,1960,Graduation,Married,51651,0,1,32,293
5396,1988,Graduation,Married,68487,0,0,48,758
5250,1943,Master,Widow,,0,0,75,532
1052,1969,Graduation,Married,56796,0,1,24,656
2802,1992,2n Cycle,Married,87000,0,0,61,196
6343,1959,Graduation,Married,79823,0,1,6,835
6507,1980,Graduation,Single,30828,1,0,16,16
7901,1971,Master,Married,34109,0,1,39,9
4865,1974,Master,Divorced,53367,1,1,2,229
2686,1969,Basic,Together,22390,0,0,49,0
3107,1976,Graduation,Together,71322,0,1,31,121
7734,1993,Graduation,Absurd,79244,0,0,58,471
1146,1949,Master,Together,49912,0,1,5,520
11031,1950,PhD,Married,48699,1,1,90,26
7428,1975,Graduation,Together,80144,0,0,47,240
975,1956,Graduation,Single,54252,1,1,25,178
1103,1976,Master,Married,81929,1,0,60,1486
3422,1975,Graduation,Married,76068,0,1,67,1115
1055,1976,Master,Married,53204,1,1,40,29
6544,1949,PhD,Together,67911,0,1,63,529
1241,1984,2n Cycle,Married,14796,1,0,1,13
2909,1974,PhD,Married,78128,0,1,89,934
5802,1972,Basic,Married,14188,0,0,40,2
1407,1986,Basic,Married,20425,1,0,5,4
6183,1962,Master,Married,58646,0,1,3,62
340,1970,Graduation,Divorced,72967,0,1,1,158
5991,1949,Master,Married,48150,0,1,24,173
3104,1961,Graduation,Single,82332,0,0,89,830
9729,1955,Graduation,Widow,58275,1,1,48,189
1008,1981,PhD,Together,44953,0,0,31,728
11091,1953,Graduation,Together,34587,1,1,68,7
3969,1974,Master,Together,43018,0,1,46,35
1916,1954,Master,Married,45736,0,1,92,188
9907,1969,Master,Together,66476,0,1,80,742
87,1981,2n Cycle,Married,27733,1,0,16,0
8659,1952,PhD,Together,69805,0,1,50,750
6262,1962,Master,Single,72217,0,0,93,816
6147,1971,Graduation,Divorced,25818,1,0,51,5
8832,1976,Master,Together,37509,1,0,24,37
10067,1976,2n Cycle,Together,25176,1,1,79,4
7532,1980,Graduation,Married,43586,0,1,26,99
4915,1956,2n Cycle,Married,53230,0,1,86,176
2115,1957,Graduation,Together,50116,1,1,68,54
2088,1972,Graduation,Together,84906,0,0,98,997
2493,1966,Graduation,Married,61286,0,1,34,356
6292,1986,PhD,Married,82333,0,0,60,1311
1631,1965,PhD,Together,65220,0,0,3,890
10104,1974,Graduation,Together,33590,2,1,65,4
3006,1976,Graduation,Divorced,30992,1,0,83,17
3919,1976,Master,Single,72309,0,0,64,960
11181,1949,PhD,Married,156924,0,0,85,2
642,1980,Basic,Married,16005,1,0,69,1
4369,1957,Master,Absurd,65487,0,0,48,240
10127,1965,Graduation,Married,58692,0,1,21,301
271,1969,Graduation,Widow,40590,1,1,30,154
4973,1970,Graduation,Single,20587,1,0,39,2
2948,1954,Master,Divorced,62637,0,1,76,104
2715,1966,Master,Divorced,29435,1,1,11,70
10432,1974,Graduation,Divorced,19346,1,0,26,2
9216,1971,Graduation,Married,35788,1,1,34,23
7124,1968,Graduation,Divorced,36997,1,1,72,43
9727,1957,Graduation,Married,23539,0,0,13,4
5136,1973,Graduation,Single,65333,0,1,58,654
9790,1957,Graduation,Single,78499,0,0,12,912
1818,1971,PhD,Together,29732,1,0,23,25
1100,1960,Master,Together,41275,1,2,33,24
7873,1973,PhD,Together,63516,1,1,30,141
10609,1962,PhD,Married,42769,0,1,15,71
6950,1958,Master,Married,49572,1,1,25,35
7233,1972,Graduation,Married,69209,0,0,4,496
9481,1976,Graduation,Married,17148,1,0,80,9
7699,1969,Graduation,Widow,40590,1,1,30,154
2711,1976,Master,Together,30560,1,0,6,9
8933,1983,2n Cycle,Married,32146,1,0,16,26
8726,1964,2n Cycle,Divorced,41713,1,1,57,77
1515,1975,Master,Together,34176,0,1,9,11
5186,1955,PhD,Married,58482,0,1,59,576
10157,1965,Graduation,Single,59686,0,1,78,89
5667,1964,PhD,Married,60896,0,1,90,1013
902,1980,Graduation,Together,62994,1,0,74,224
977,1957,Graduation,Together,47320,0,1,10,200
7313,1949,2n Cycle,Widow,74859,0,0,63,570
7600,1992,Basic,Single,15253,1,0,13,1
9706,1974,PhD,Single,31560,1,0,98,62
2429,1954,Graduation,Divorced,72071,0,1,4,531
3520,1990,Master,Single,91172,0,0,94,162
10394,1984,Graduation,Married,90000,0,0,91,675
4548,1981,Graduation,Single,41967,1,1,66,23
9362,1965,Graduation,Single,69263,0,1,14,492
3968,1970,2n Cycle,Divorced,65706,0,0,77,918
4084,1975,Graduation,Together,60934,0,1,41,224
6721,1951,Graduation,Married,71965,0,1,21,572
2829,1955,Graduation,Married,65210,0,1,25,626
1772,1975,PhD,Married,79174,0,0,2,1074
1544,1967,Master,Divorced,81380,0,0,51,741
492,1973,PhD,YOLO,48432,0,1,3,322
4377,1971,Graduation,Married,52914,0,1,32,254
4541,1955,Graduation,Together,38946,0,1,84,116
1321,1974,Graduation,Married,26067,1,0,49,22
8858,1972,PhD,Married,44325,0,1,69,516
3266,1964,Graduation,Married,42523,0,0,96,14
11187,1978,Basic,Single,26487,1,0,23,2
8207,1957,2n Cycle,Married,53233,0,1,18,28
9723,1960,Graduation,Married,67716,0,1,8,530
2666,1972,Master,Married,76234,0,1,21,519
5721,1956,PhD,Married,84117,0,0,60,611
10652,1957,Master,Together,65487,0,0,48,240
1646,1972,Basic,Married,25224,1,0,36,4
4418,1983,Master,Single,89616,0,0,36,671
2656,1971,Graduation,Divorced,40851,1,1,63,23
7990,1947,Graduation,Married,27469,0,0,2,9
8722,1957,2n Cycle,Married,82347,0,0,38,556
7118,1957,Graduation,Married,73803,0,1,61,833
2980,1952,Master,Single,8820,1,1,52,12
1839,1974,Graduation,Single,43322,0,0,25,56
10722,1973,Graduation,Together,55593,0,1,63,293
2632,1954,Graduation,Married,50501,1,1,10,297
9014,1975,Graduation,Married,37085,1,1,65,39
7620,1990,Basic,Single,16185,1,0,71,5
10968,1969,Graduation,Single,57731,0,1,0,266
11133,1973,PhD,YOLO,48432,0,1,3,322
2736,1978,Graduation,Married,73807,0,1,88,366
1876,1990,Graduation,Married,18929,0,0,15,32
5959,1968,Graduation,Single,35893,1,1,80,158
1092,1980,Graduation,Married,61014,0,1,17,269
4333,1954,Graduation,Together,32144,1,1,76,41
3850,1963,Basic,Together,14918,0,1,52,3
6168,1963,Graduation,Divorced,45146,1,1,28,33
607,1955,2n Cycle,Divorced,41769,0,1,31,302
10469,1981,Graduation,Together,88325,0,0,42,519
6983,1950,Master,Divorced,38054,1,1,24,23
3661,1995,2n Cycle,Single,80617,0,0,42,594
9303,1976,Graduation,Married,5305,0,1,12,12
692,1954,Graduation,Together,36807,1,1,88,4
736,1983,Graduation,Together,28427,1,0,67,18
9589,1948,PhD,Widow,82032,0,0,54,332
4838,1978,Graduation,Together,22775,1,0,40,5
9246,1985,Master,Together,40101,1,0,73,171
6261,1979,Graduation,Married,58025,0,1,81,270
7366,1982,Master,Single,75777,0,0,12,712
10659,1979,2n Cycle,Together,7500,1,0,7,2
1448,1963,Master,Married,33562,1,2,33,21
4286,1970,PhD,Single,57642,0,1,24,580
4749,1968,Graduation,Together,58554,1,1,55,368
4478,1979,Graduation,Married,63777,1,1,87,457
4201,1962,Graduation,Single,57967,0,1,39,229
8720,1978,2n Cycle,Together,,0,0,53,32
10084,1972,Graduation,Married,24434,2,0,9,3
7004,1984,Graduation,Single,11012,1,0,82,24
9817,1970,Master,Single,44802,0,0,71,853
8080,1986,Graduation,Single,26816,0,0,50,5
9432,1977,Graduation,Together,666666,1,0,23,9
8372,1974,Graduation,Married,34421,1,0,81,3
10870,1967,Graduation,Married,61223,0,1,46,709
4001,1946,PhD,Together,64014,2,1,56,406
7270,1981,Graduation,Divorced,56981,0,0,91,908
8235,1956,Master,Together,69245,0,1,8,428
9405,1954,PhD,Married,52869,1,1,40,84